Project Name,Builder Name,Project Address,Avg Price psft,Completion date,Sizes,Project Area,RERA,Project Size - Tower Count,Project Size - Unit Count,Configurations,Amenities - Count,Amenities - List,Photos Count,Videos Count,Total Count,Review Count,Builder-Established Date,Builder-Project count,Builder description,Possession Status,Launch Date
Lodha Azur,LODHA GROUP,"Begur Village, Hobli, South Bangalore, Bangalore",₹13 K/sq.ft,"Apr, 2028",1950 - 3060 sq.ft.,0.64 Acres (80% open),PRM/KA/RERA/1251/310/PR/220324/006728,,550,"3, 3.5, 4 BHK Apartments",26,"Swimming Pool, Pet Grooming, Fire Sprinklers, Landscaping & Tree Planting, Table Tennis, Kid's Pool, Gymnasium, 24X7 Water Supply, Car Parking, Jogging Track, Multipurpose Room, Senior Citizen Siteout, Indoor Games, Party Lawn, Club House, Children's Play Area, Yoga / Meditation Area, Badminton Court, 24x7 CCTV Surveillance, Chess Board, Multipurpose Hall, Paved Compound, Carrom, Power Backup, Cafeteria, Billiards / Snooker Table",18,1,19,0,1980,509,"Developer Profile
Lodha Group is among the foremost real estate developers in Mumbai. Established in 1980, the developer etched its name in the history by recording one of the biggest land deal in India when it purchased a plot in Wadala worth Rs 4,053 crore from the Mumbai Metropolitan Region Development Authority (MMRDA). It has also been rated as a profitable real estate player and the largest by sales for three consecutive years apart from being endowed with awards for marketing excellence.
In addition to delivering world-class housing solutions in Mumbai, Lodha Group has expanded its presence in the luxury segment of Pune, Hyderabad and Bangalore as well as the United Kingdom. With 38 years of remarkable journey in the industry, the builder has engaged in strategic forays into all asset classes including residences, IT Parks, townships, offices, weekend retreats and retail spaces.
Experience and Strengths
With a vision of 'Building a Better Life', Lodha Group promotes ‘leadership through innovation’ and has spearheaded several landmark developments such as World One - the world's tallest residential tower, and the Palava City - the first Greenfield Smart City in the country. The group was honoured with the Green Good Design Award 2012 for World One. It won 5 STAR for Best Interior Design for project Lodha Fiorenza.
Led by chairman and founder, Mangal Prabhat Lodha, the company has attained new heights in building outstanding properties that are at par with global standards. The builder strives to create a quality lifestyle and make a difference in the lives of people across all segments. Lodha Group successfully launched its value luxury sub-brand CASA to cater to the mid-income group. With a host of designer residences, the developer has ensured to fulfil the lifestyle needs of many buyers of luxury homes.
Lodha Group crossed a direct employee strength of 3,000 in 2013. A committed management team, equipped with extensive technical expertise and domain knowledge, works towards providing timely and high-quality solutions for its clients. The developer exhibits a passion for going the last mile in order to seek excellence and exceed customers’ expectations. It complied with its corporate values of integrity and ethics when dealing with all the stakeholders.
Projects
Lodha Group has launched over 164 residential projects and is working on 85 ongoing projects. The builder holds the merit of delivering over 35 million sqft of real estate space accounting for about 30 projects in and around Mumbai (from Napean Sea Road to Dombivali).
The Palava city by Lodha Group is an over 4,000-acre integrated city which is set to be one of the world's top 50 most liveable cities. Residential units by the group include 2 and 3BHK apartments of sizes 500 sqft to luxury roomy 4BHK villas of size 5,000 sqft.",Under Construction,"Mar, 2024"
Ecolife Elements Of Nature Akash Block B And C,ECOLIFE DEVELOPERS,"Panathur - Varthur Main Road, Outer Ring Road, Bangalore East , Bangalore",8.99 K - ₹10.22 K/sq.ft,"Jul, 2026",1245 - 1878 sq.ft.,4.12 Acres (75% open),PRM/KA/RERA/1251/446/PR/300323/005832,,350,"2, 3 BHK Apartments",25,"Amphitheater, Cricket Pitch, Solar Lighting, Skating Rink, Swimming Pool, Gymnasium, Golf Course, School, Car Parking, 24X7 Water Supply, Jogging Track, Sewage Treatment Plant, Children's Play Area, Yoga / Meditation Area, Visitor Parking, Party Hall, Lift(s), Aerobics Room, Badminton Court, Basketball Court, ATM, Library, Rain Water Harvesting, Infinity Pool, Power Backup",43,2,45,0,2,Not Found,"Ecolife Developers is a promising Real Estate developer. Their mission is to provide clients with their dream homes which are affordable with all the modern day amenities and features. They strive to provide their customers a great environment where they can learn, grow and succeed together. Creating a home out of spaces is what they strive for with each project and their belief in teamwork has only accentuated it further. The company aims to build projects which will serve as a benchmark for all the other developers in the country. With their continuous hard work and dedication they are not far away from achieving success in the Realty sector.",Under Construction,"Mar, 2023"
Novo Gardenia,NOVOLIFE INNOVATIVE STRUCTURES LLP,"Ward No.149, Gunjur, Varthur, Bangalore East , Bangalore",₹8.65 K/sq.ft,"Dec, 2027",1495 - 1790 sq.ft.,3.19 Acres,PRM/KA/RERA/1251/309/PR/070324/006697,,332,3 BHK Apartment,46,"Amphitheater, Tennis Court, Grocery Shop, Gazebo, Reflexology Park, Spa, Swimming Pool, Skating Rink, Vastu Compliant, Fountains, Landscaping & Tree Planting, Water Conservation, Rain water Harvesting, Gymnasium, Kid's Pool, Fire Fighting System, Flower Garden, Squash Court, Closed Car Parking, Car Parking, 24X7 Water Supply, Multipurpose Room, Jogging Track, Street Lighting, Senior Citizen Siteout, Gated Community, Indoor Games, Pergola, Lawn Tennis Court, Sewage Treatment Plant, Foosball, Club House, Intercom, Children's Play Area, Entrance Lobby, Yoga / Meditation Area, Football Field, Lift(s), Badminton Court, Terrace Garden, 24x7 CCTV Surveillance, Restaurant, Multipurpose Hall, Basketball Court, Rain Water Harvesting, 24x7 Security, Power Backup",27,Not Found,27,0,Not Found,Not Found,Not Found,Under Construction,"Dec, 2023"
IVY County Pristine Villa Plots,MODERN SPAACES,"Ramanayakanahalli Village, Gunjur, Bangalore East , Bangalore",₹9.7 K/sq.ft,"Dec, 2026",1200 - 2400 sq.ft.,50 Acres,,,658,Residential Plots,16,"Tennis Court, Solid Waste Management And Disposal, Swimming Pool, Landscaping & Tree Planting, Gymnasium, Electrification(Transformer, Solar Energy etc), 24X7 Water Supply, Jogging Track, Basketball Court, Storm Water Drains, Internal Roads & Footpaths, 24x7 Security, Sewage Treatment Plant, Power Backup, Billiards / Snooker Table, Club House",11,Not Found,11,0,2019,19,"Since 2019, Modern Spaaces has been crafting homes that go beyond architecture—designed to reflect your lifestyle and aspirations. From villas and apartments to plotted developments, every space is built with a commitment to quality, innovation, and technology. With over 1 million sq. ft. already delivered and 2 million sq. ft. under development, we’re on track to deliver more than 10 million sq. ft.—all built to the highest standards of design, quality, and comfort.",Under Construction,"Jan, 2025"
Brigade Tranquil At Brigade Cornerstone Utopia,BRIGADE ENTERPRISES LTD,"Varthur Main Road, Whitefield, Varthur, Bangalore East , Bangalore",₹13.32 K/sq.ft,"Sep, 2025",978 - 1897 sq.ft.,10 Acres,PRM/KA/RERA/1251/446/PR/200123/003231,,933,"1, 1.5, 2, 2.5, 3 BHK Apartments",39,"Natural Pond, Waiting Lounge, Amphitheater, Volleyball Court, Gazebo, Swimming Pool, Skating Rink, Fountains, Landscaping & Tree Planting, Gymnasium, Fire Fighting System, Flower Garden, Car Parking, 24X7 Water Supply, School, Jogging Track, Senior Citizen Siteout, Gated Community, Indoor Games, Shopping Mall, Lawn Tennis Court, Sewage Treatment Plant, Club House, Intercom, Children's Play Area, Entrance Lobby, Yoga / Meditation Area, Security Cabin, Solid Waste Management And Disposal, Lift(s), Badminton Court, 24x7 CCTV Surveillance, Sun Deck, Multipurpose Hall, Basketball Court, Community Hall, Rain Water Harvesting, 24x7 Security, Power Backup",28,1,29,0,1986,150,"Developer Profile
Brigade Group is a Bangalore-based real estate company focussed on providing world-class property solutions including luxury apartments, commercial spaces, retail spaces and hospitality projects. The builder has a multi-domain portfolio encompassing property management services, education, property development and hospitality. Founded in 1986, the group has a presence in major cities of South India like Kochi, Chennai, Hyderabad, Mysore and Bangalore. An accredited agent in the USA, the developer also has a representative office in Dubai, United Arab Emirates.
Brigade Group has won the Best Office Space Award - World Trade Center Bangalore and Brigade Gateway at the CREDAI Real Estate Awards Karnataka 2013. It has been ranked among India's top 10 builders for consistent five years from 2007 to 2011 by Construction World. It has also received the CRISIL Rating PA2, 1995.
Experience and Strengths
The corporate philosophy of Brigade Group includes a stable and confident business model as well as processes involving innovation. The developer is environmentally conscious and develops projects in strict compliance with applicable regulations and best practices. It has been certified in ISO 9001:2015 and ISO 14001:2004 (Environmental Management Systems), 2008. The brand has gained the trust and admiration of numerous customers owing to its reliable services. It strives to retain its position of being the preferred developer of residential, commercial and hospitality spaces in the market by staying committed to its goals.
The team at Brigade Group is led by Chairman and Managing Director, M.R. Jaishankar, and Director, M.R. Gurumurthy. Several projects and concepts pioneered by the developer have been a huge success and created landmarks which changed the urban landscape. For instance, Brigade Towers was the first 14-storied building in Bangalore; Brigade Millennium at JP Nagar was Bangalore's first integrated enclave project launched in 2002, and Brigade Gateway at Rajajinagar is another prestigious development in Bangalore that was recognised as the most integrated city-centric mixed-use project.
The builder has partnered with some of the best-known architects, master planners, contractors, suppliers and consultants in the industry. Construction of properties using cutting-edge technology is one of the biggest strengths of Brigade Group. The company has been on the forefront when it comes to using new technologies like in-house pre-cast technology. Besides complying with international standards for delivering a high-quality product, the developer also adheres to the timelines. Moreover, it has launched an online portal for tracking project progress and payments; and an online booking platform for home-buying that has offered the best customer experience.
Projects
In 32 years, Brigade Group has grown rapidly and developed over 20 million square feet of real estate space. Brigade Metropolis at Whitefield, Bangalore is an award-winning 40-acre residential development. The developer has worked on 30 residential projects in Bangalore and other cities including 14 ongoing projects. It offers 1, 2 and 3BHK apartments sized between 800 sqft and 2,000 sqft; as well as spacious 4BHK and 5BHK apartments sized above 3,000 sqft.",Under Construction,"Jan, 2020"
Abhee Celestial City,ABHEE VENTURES,"Sarjapura - Whitefield Main Road, Gunjur, Bangalore East , Bangalore",₹10.06 K/sq.ft,"Jun, 2029",1345 - 1990 sq.ft.,4.84 Acres (82% open),PRM/KA/RERA/1251/308/PR/071123/006380,,399,"2, 3 BHK Apartments",50,"Amphitheater, Volleyball Court, Cricket Pitch, Changing Room, Spa, Skating Rink, Fountains, Fire Sprinklers, Business Suites, Medical Facilities, Car Parking, 24X7 Water Supply, Multipurpose Room, Senior Citizen Siteout, Street Lighting, Indoor Games, Cycling & Jogging Track, Piped Gas Connection, Business Center, Party Lawn, Sewage Treatment Plant, Children's Play Area, Solid Waste Management And Disposal, Visitor Parking, Party Hall, 24x7 CCTV Surveillance, Community Hall, Beach Volley Ball Court, Rain Water Harvesting, Library, 24x7 Security, Cafeteria, Waiting Lounge, Grocery Shop, Reflexology Park, Swimming Pool, Fire Fighting System, Flower Garden, Gymnasium, Squash Court, Jogging Track, Entrance Lobby, Yoga / Meditation Area, Badminton Court, Terrace Garden, Creche/Day Care, Sun Deck, Multipurpose Hall, Basketball Court, Power Backup",46,1,47,0,2009,22,"Abhee Developers started in 2009 with a vision to elevate the landscape of South India. We celebrate the trust of hundreds of families because of our commitment to quality architecture and honest prices. With fresh perspectives and pioneering design, we have placed a firm footing across all verticals – value structures, luxury edifices, apartments, villas and commercial spaces.
With Abhee, it is all about combining distinct elements and creating architectural masterpieces that form a special connect with aspiring home buyers. Be it our unwavering standard in quality raw materials or our uncompromising business & construction ethics, we ensure every Abhee project is like no other. We take pride in our designs that meets customer needs and also understand their desires, making us one of the best-in-class developer of South India for every pocket with a firm footing in real estate in Bangalore.
Quality is not just about what you do today but also how you continue reinventing yourself while staying true to your legacy. That is why we stand tall on our pillars of innovation, precision and honesty. We are privileged to be valued in the market for our unmatched quality standards and our firm commitment to on-time delivery, motivating us to push the bar higher and keep empowering lifestyles of the 21st century aspirational Indian, right from pioneering 3 & 4BHK luxury villas to thoughtfully designed 2, 2.5 & 3BHK apartments in Bangalore.",Under Construction,"Oct, 2023"
DSR The Courtyard,DSR INFRASTRUCTURE PVT LTD,"Survey No 70, Gunjur, Bangalore East , Bangalore",₹8.97 K/sq.ft,"Jun, 2026",1113 - 1687 sq.ft.,2.72 Acres (70% open),PRM/KA/RERA/1251/446/PR/280324/006759,,252,"2, 3 BHK Apartments",26,"Cricket Pitch, Swimming Pool, Landscaping & Tree Planting, Water Conservation, Rain water Harvesting, Table Tennis, Gymnasium, Fire Fighting System, Community Buildings, 24X7 Water Supply, Multipurpose Room, Jogging Track, Street Lighting, Senior Citizen Siteout, Sewage Treatment Plant, Club House, Children's Play Area, Solid Waste Management And Disposal, Lift(s), 24x7 CCTV Surveillance, Chess Board, Storm Water Drains, 24x7 Security, Energy management, Electrical meter Room, Power Backup, DG Availability",46,1,47,0,1988,38,"DSR Infra Projects was established with the vision of transforming the Real Estate Industry and today after the journey of so many years, its projects stand testimony to the shining excellence and brilliance in execution. Commanding an unparalleled expertise, the Group has spread its operations across South India across many Real Estate verticals, catering to various categories of clients. DSR Infra Projects repertoire has a wide array of exclusive projects which have been crafted to international standards. With diversified business interests across many portfolios, DSR Infra Projects today has achieved staggering success, thanks to its partners, associates and employees. Its success is shared and cherished among its people who work towards the common goal of a promising and prosperous future.",Under Construction,"May, 2024"
Myhna Orchid,MYHNA PROPERTIES PVT LTD,"Gunjur, Bangalore East , Bangalore",₹8.53 K/sq.ft,"Dec, 2027",1150 - 1720 sq.ft.,5 Acres (82% open),PRM/KA/RERA/1251/446/PR/150524/006874,,405,"2, 2.5, 3 BHK Apartments",39,"Amphitheater, Cricket Pitch, Tennis Court, Swimming Pool, Skating Rink, Acupressure Pathway, Landscaping & Tree Planting, Water Conservation, Rain water Harvesting, Fire Fighting System, Flower Garden, Electrification(Transformer, Solar Energy etc), Car Parking, 24X7 Water Supply, Jogging Track, Street Lighting, Gated Community, Indoor Games, Intercom, Children's Play Area, Yoga / Meditation Area, Recreation Facilities, Solid Waste Management And Disposal, Lift(s), Party Hall, Aerobics Room, Fire Retardant Structure, 24x7 CCTV Surveillance, Multipurpose Hall, Basketball Court, Banquet Hall, Storm Water Drains, Internal Roads & Footpaths, Open Parking, Rain Water Harvesting, 24x7 Security, Electrical meter Room, Energy management, Power Backup, Cafeteria",37,1,38,0,2007,7,"Myhna Properties was established with a vision of transforming the Real Estate Industry and today after the journey of so many years, its projects stand testimony to the shining excellence and brilliance in execution. Commanding an unparalleled expertise, the group has spread its operations across South India in many Real Estate verticals, catering to various categories of clients. Myhna Properties’ repertoire has a wide array of exclusive projects which have been crafted to international standards. Customer satisfaction is the cornerstone of company’s philosophy. All through its existence, Myhna Properties’ ideals of quality, innovation and attention to the needs of its clients have always been of utmost importance. The group has several residential as well as commercial projects underway in Bangalore catering to the customer with varied needs and tastes. It is their vision to exceed the expectations of their customers through innovative and world class solutions and become a benchmark for quality in every project they undertake. Myhna Properties ventures contribute significantly to building the new India. They value sustained efforts to enhance customer value and quality, Ethical and professional service, compliance and respect for environmental and legal requirements.",Under Construction,"Mar, 2024"
Concorde Neo,CONCORDE HOUSING CORPORATION PVT. LTD.,"No.29, K P Puttanna Chetty Road, Thanisandra, North Bangalore, Bangalore",₹13.25 K/sq.ft,"Oct, 2029",717 - 1125 sq.ft.,4.338916695 Acres,PRM/KA/RERA/1251/309/PR/270924/007088,,424,"2, 3 BHK Apartments",28,"Cricket Pitch, Swimming Pool, Skating Rink, Water Storage, Table Tennis, Gymnasium, Flower Garden, Closed Car Parking, Car Parking, Senior Citizen Siteout, Indoor Games, Smoke Detectors, Piped Gas Connection, Party Lawn, Club House, Open Air Theatre, Salon, Yoga / Meditation Area, Theme Park, Lift(s), 24x7 CCTV Surveillance, Multipurpose Hall, Community Hall, Basketball Court, Rain Water Harvesting, Electrical meter Room, Power Backup, Billiards / Snooker Table",46,1,47,0,1998,39,"The Concorde Group was set up in 1998 with a vision to create sustainable values for stakeholders and deliver customer delight. In almost 2 decades, the company has developed over 20 million square feet of real estate space, consistently delivering satisfaction to its customers through its innovative offerings and professionalism in every aspect of its dealings.
Known for building long-lasting value for its customers, the leadership at Concorde persistently strives towards delivering performance that make a difference. A Concorde home owner is one who looks for high level quality, aesthetics and future growth. We deliver this with trust, transparency, and fairness. Your search for a good home ends here.",Under Construction,"Oct, 2024"
Hiranandani Vista Residences,HIRANANDANI COMMUNITIES,"Jogeshwari West, Western Suburbs, Mumbai",₹33.23 K - 41.41 K/sq.ft,₹33.23 K - 41.41 K/sq.ft,766 - 1111 sq.ft.,,P51800076720,,,"2, 3 BHK Apartments",41,"Waiting Lounge, Gazebo, Garbage Disposal, Swimming Pool, Fire Sprinklers, Landscaping & Tree Planting, Gymnasium, Fire Fighting System, 24X7 Water Supply, Closed Car Parking, Car Parking, Multipurpose Room, Jogging Track, Street Lighting, Senior Citizen Siteout, Gated Community, Indoor Games, Cycling & Jogging Track, Sewage Treatment Plant, Club House, Intercom, Children's Play Area, Entrance Lobby, Salon, Yoga / Meditation Area, Solid Waste Management And Disposal, Terrace Garden, 24x7 CCTV Surveillance, Chess Board, Multipurpose Hall, Banquet Hall, Storm Water Drains, Library, Rain Water Harvesting, Energy management, Electrical meter Room, Carrom, Jacuzzi, Power Backup, Cafeteria, Billiards / Snooker Table",Not Found,Not Found,Not Found,0,1978,198,"Established in 1978, Hiranandani Communities is one of the most prestigious real estate developers based in Mumbai. Hiranandani Communities has the vision of creating a new India with self-sufficient and enduring townships. Every activity, be it in real estate, education, healthcare, hospitality, leisure or entertainment has steadily focused on creating a better experience in every aspect of life. While corporate has gone from strength to strength, the Group is primarily synonymous with quality, commitment towards customers, reliability, and excellence in architecture. We are here to give an experience of a lifetime to every family, through infrastructure that is synonymous with supreme quality, beauty, and longevity. Having a legacy of 40+ years of exceeding expectations, Hiranandani Communities has marked its presence by building world-class townships, introducing integrated lifestyles and thus living up to its brand promise of creating better communities.",Under Construction,"Jun, 2024"
ID Vista Residences Wing C Tower 2,ID GROUP DHUDHWALA,"Goregaon, Jogeshwari West, Western Suburbs, Mumbai",₹33.23 K - 41.41 K/sq.ft,"Jun, 2029",766 - 1111 sq.ft.,0.18 Acres,P51800076720,,102,"2, 3 BHK Apartments",39,"Waiting Lounge, Gazebo, Garbage Disposal, Swimming Pool, Landscaping & Tree Planting, Gymnasium, Fire Fighting System, Closed Car Parking, Car Parking, 24X7 Water Supply, Multipurpose Room, Jogging Track, Street Lighting, Senior Citizen Siteout, Gated Community, Indoor Games, Cycling & Jogging Track, Sewage Treatment Plant, Club House, Intercom, Children's Play Area, Entrance Lobby, Salon, Yoga / Meditation Area, Solid Waste Management And Disposal, Terrace Garden, 24x7 CCTV Surveillance, Chess Board, Multipurpose Hall, Banquet Hall, Storm Water Drains, Library, Rain Water Harvesting, Energy management, Electrical meter Room, Carrom, Jacuzzi, Cafeteria, Billiards / Snooker Table",10,1,11,0,Not Found,Not Found,Not Found,Under Construction,"Jun, 2024"
DS Max Samyak,DS-MAX PROPERTIES PRIVATE LIMITED,"Bheemana kuppe village, Kengeri Hobli, Bangalore West , Bangalore",₹6.13 K - 6.58 K/sq.ft,"Feb, 2026",738 - 1377 sq.ft.,3 Acres,PRM/KA/RERA/1251/310/PR/150223/005721,,601,"2, 3, 4 BHK Apartments",26,"Sauna Bath, Reflexology Park, Swimming Pool, Fire Sprinklers, Table Tennis, Gymnasium, 24X7 Water Supply, Car Parking, Jogging Track, Senior Citizen Siteout, Gated Community, Cycling & Jogging Track, Party Lawn, Sewage Treatment Plant, Club House, Intercom, Children's Play Area, Yoga / Meditation Area, Visitor Parking, 24x7 CCTV Surveillance, Basketball Court, Community Hall, Banquet Hall, Rain Water Harvesting, 24x7 Security, Power Backup",36,Not Found,36,0,2005,142,"DS Max Builders (DS-MAX Properties Pvt. Ltd) is an award-winning Real Estate development firm, based in Bangalore. The company is known for its innovation, quality management, attention to minute details, customer-centric approach and an uncompromising attitude towards quality in all spheres of development. Their properties come with most sought-after locations, competitive pricing and excellent services, thus making them a prestigious brand in the Real Estate industry. Over the years, the companies has grown exponentially and is expanding its sphere beyond Karnataka. Their Mantra for Excellence is “Analyse, Research, Innovate & Deliver” They have a highly qualified and competent team of professionals which has propelled their business growth to respectable heights. DS Max Builders is a one-stop solution for all housing needs - from identification of prime locations to delivering a perfect, enticing abode to our valued customers. Their quest to develop environmentally-friendly modern infrastructure is fueled by their vast understanding of the modern materials and technologies used in construction, the market niche and most importantly, understanding customers' requirements.",Under Construction,"Jan, 2023"
Mahidhara Fortune City,MAHIDHARA PROJECTS,"Attibele, Sarjapur Road, Bangalore",₹5 K/sq.ft,Ready to Move,1200 - 2000 sq.ft.,103 Acres,,,619,Residential Plots,27,"Tennis Court, Swimming Pool, Skating Rink, Fire Sprinklers, Landscaping & Tree Planting, Table Tennis, Gymnasium, 24X7 Water Supply, Jogging Track, Street Lighting, Indoor Games, Piped Gas Connection, Party Lawn, Sewage Treatment Plant, Club House, Children's Play Area, Entrance Lobby, Sports Area, Badminton Court, 24x7 CCTV Surveillance, Basketball Court, Spa/Sauna/Steam, Storm Water Drains, Rain Water Harvesting, Library, 24x7 Security, Power Backup",39,Not Found,39,0,2007,16,"Mahidhara Projects Private Limited, a reputed name in the housing ventures segment is committed to create a wholesome living experience with its expertise and business acumen. Building classy homes has been the sole motto of the company and all the projects are uniquely designed with immense attention to even the micro details. With Honesty & Trust as the brand promise, Mahidhara projects is dedicated to provide you a hassle-free experience right from the point of an enquiry to the happy moment of handing over your valuable possession. The company with its ever growing list of happy customers, is all set to expand its operations in Bengaluru, Chennai and Hyderabad benchmarking the epitome of fine living. Mahidhara believes in not just building houses, it is dedicated to create homes that will reflect your desire and lifestyle. Their commitment to excellence is a reflection of their assurance that your new home will provide a lifelong source of pride and enjoyment. Mahidhara living’s development and management philosophy is to create an enriched living experience. Stunning design, architecture and craftsmanship are only a small part of Mahidhara’s total offer. No wonder, you’ll “Bring Home Happiness with Mahidhara”.",Ready to Move,"Nov, 2014"
Bhavisha Meadows Phase 2,BHAVISHA HOMES,"2/2, Chandapura Village, Anekal Hobli Anekal, Taluk, South Bangalore, Bangalore",₹6.09 K/sq.ft,"Aug, 2025",933 - 1271 sq.ft.,1.20883766 Acres,PRM/KA/RERA/1251/308/PR/300924/007099,,88,"2, 3 BHK Apartments",12,"Closed Car Parking, Community Hall, Swimming Pool, Indoor Games, Piped Gas Connection, Water Storage, 24x7 CCTV Surveillance, Electrical meter Room, Gymnasium, Power Backup, Club House, Open Air Theatre",20,Not Found,20,0,2012,25,"Bavisha Homes has established itself as one of the leaders in developing modern living spaces at affordable prices. Innovation, design and quality have been our primary focus in meeting customer expectations. Following current market trends in our development projects, we also move with the times and create aesthetically modern constructions. Being an environmentally friendly organization, we ensure green spaces for healthy living of home-owners. Adherence to all statutory rules and regulations, transparency in all dealings and strong customer orientation are our deep-rooted strengths. With excellent project management skills, we pride ourselves on delivering exception homes that are an outcome of attention to detail in every aspect. If you are dreaming of a superior quality home, with modern design and world class amenities that also comes with a reachable price tag, you can realise it with Bavisha Homes.",Under Construction,"Jun, 2024"
Sobha Madison Heights Townpark Phase 1 W5 To 7,SOBHA LIMITED,"Hosur Road, Attibele, Sarjapur Road, Bangalore",₹11.11 K - 11.91 K/sq.ft,"Dec, 2030",753 - 1847 sq.ft.,2.84 Acres,PRM/KA/RERA/1251/308/PR/230125/007420,,480,"1, 2, 3 BHK Apartments",30,"Cricket Pitch, Futsal, Volleyball Court, Tennis Court, Reflexology Park, Swimming Pool, Open Gym, Landscaping & Tree Planting, Water Conservation, Rain water Harvesting, Kid's Pool, Fire Fighting System, Electrification(Transformer, Solar Energy etc), 24X7 Water Supply, Street Lighting, Cycling & Jogging Track, Party Lawn, Sewage Treatment Plant, Club House, Children's Play Area, Yoga / Meditation Area, Solid Waste Management And Disposal, Visitor Parking, Fitness Center, Sports Complex, 24x7 CCTV Surveillance, Sun Deck, Basketball Court, Storm Water Drains, Internal Roads & Footpaths, Power Backup",21,1,22,0,1995,254,"Sobha Limited is one of fastest growing real estate companies in India with its operations spread across 13 states and 24 cities as well as in the Middle East. It was established in 1995 and has a market value of Rs 26 billion. The developer is headquartered in Bangalore and is engaged in the development of contractual and residential projects encompassing villas, row houses, plotted development, presidential apartments, luxury and super luxury apartments. Sobha Limited has attained ISO 14001:2004 and OHSAS 18001:2007 certifications for environmental, health and safety management systems. It has bagged various awards like ‘India’s Top 10 Builders Award’ by Construction World, ‘Builder of the Year’ and ‘Most Reliable Builder Award’ by CNBC, ‘Employer of the Year Award’ by Realty Plus and ‘Top Indian Real Estate Company’ by Dun & Bradstreet. Experience and Strengths
Sobha Limited has catered to several prestigious corporate clients namely Dell, Institute of Public Enterprises (IPE), Taj Group, Hotel Leela Ventures, Infosys, Bosch, HP, Biocon and Timken. The builder undertakes corporate focused projects including software development blocks, corporate offices, research centres, multiplex theatres, restaurants, convention centres, clubhouses, hostel facilities, food courts and guesthouses. Major cities where the developer has a presence include Bangalore, Gurgaon, Chennai, Pune, Coimbatore, Thrissur, Calicut, Cochin and Mysore.
With an eye towards delivering world-class residential spaces, the developer is also focused on ensuring high safety standards, quality compliance, environmental management and water harvesting. With a vision to ‘transform the way people perceive Quality’, Sobha Limited adopts robust engineering, in-house research, uncompromising business ethics, timeless values and transparency for providing the best housing projects for homebuyers.
Sobha Limited is led by its Founder and Chairman, PNC Menon; Chairman, Ravi PNC Menon; and Vice Chairman and Managing Director, J.C. Sharma. In 2015, it forayed into the commercial segment (retail space leasing) in India with the launch of 'SOBHA City Mall' in Thrissur, Kerala. The builder possesses a team of nearly 3,000 employees who exhibit a customer-centric approach and keep themselves abreast with the latest developments in the realty market. All the projects by Sobha Limited reflect a perfect mix of aesthetic designs, high-end interiors and quality construction aimed at offering a sophisticated lifestyle for buyers.
Projects
Sobha Limited has undertaken a total of 119 residential projects with over 45 under construction properties covering 27.32 million sqft, saleable space of 18.90 million sqft and 34 ongoing contractual projects adding up to 9.50 million sqft area. The developer has built projects in prime locations of the city such as Whitefield Hope Farm Junction, Jakkur, Bellandur, Varthur and Kannur on Thanisandra Main Road in Bangalore and Sector 108 Gurgaon, to name a few.",Under Construction,"Jan, 2025"
DSR The Courtyard,DSR INFRASTRUCTURE PVT LTD,"Survey No 70, Gunjur, Bangalore East , Bangalore",₹8.97 K/sq.ft,"Jun, 2026",1113 - 1687 sq.ft.,2.72 Acres (70% open),PRM/KA/RERA/1251/446/PR/280324/006759,,252,"2, 3 BHK Apartments",26,"Cricket Pitch, Swimming Pool, Landscaping & Tree Planting, Water Conservation, Rain water Harvesting, Table Tennis, Gymnasium, Fire Fighting System, Community Buildings, 24X7 Water Supply, Multipurpose Room, Jogging Track, Street Lighting, Senior Citizen Siteout, Sewage Treatment Plant, Club House, Children's Play Area, Solid Waste Management And Disposal, Lift(s), 24x7 CCTV Surveillance, Chess Board, Storm Water Drains, 24x7 Security, Energy management, Electrical meter Room, Power Backup, DG Availability",46,1,47,0,1988,38,"DSR Infra Projects was established with the vision of transforming the Real Estate Industry and today after the journey of so many years, its projects stand testimony to the shining excellence and brilliance in execution. Commanding an unparalleled expertise, the Group has spread its operations across South India across many Real Estate verticals, catering to various categories of clients. DSR Infra Projects repertoire has a wide array of exclusive projects which have been crafted to international standards. With diversified business interests across many portfolios, DSR Infra Projects today has achieved staggering success, thanks to its partners, associates and employees. Its success is shared and cherished among its people who work towards the common goal of a promising and prosperous future.",Under Construction,"May, 2024"
DSR Green Waters,DSR INFRASTRUCTURE PVT LTD,"Carmelaram Road, Gunjur, off Sarjapur Road, Varthur, Bangalore East , Bangalore",₹7.73 K/sq.ft,Ready to Move,1004 - 1510 sq.ft.,1.5 Acres (70% open),PRM/KA/RERA/1251/446/PR/061222/005506,,126,"2, 2.5, 3 BHK Apartments",20,"Children's Play Area, Entrance Lobby, Internet / Wi-Fi, Swimming Pool, Lift(s), Landscaping & Tree Planting, Gymnasium, Fire Fighting System, Car Parking, 24X7 Water Supply, Multipurpose Room, Multipurpose Hall, Indoor Games, Rain Water Harvesting, 24x7 Security, Power Backup, Sewage Treatment Plant, Club House, Intercom, DG Availability",50,2,52,0,1988,38,"DSR Infra Projects was established with the vision of transforming the Real Estate Industry and today after the journey of so many years, its projects stand testimony to the shining excellence and brilliance in execution. Commanding an unparalleled expertise, the Group has spread its operations across South India across many Real Estate verticals, catering to various categories of clients. DSR Infra Projects repertoire has a wide array of exclusive projects which have been crafted to international standards. With diversified business interests across many portfolios, DSR Infra Projects today has achieved staggering success, thanks to its partners, associates and employees. Its success is shared and cherished among its people who work towards the common goal of a promising and prosperous future.",Ready to Move,"Oct, 2022"
Prestige Somerville,PRESTIGE PROJECTS PVT LTD,"Off Varthur Road, Whitefield, Bangalore East , Bangalore",₹14.99 K/sq.ft,"Dec, 2027",1203 - 3543 sq.ft.,6.5 Acres,PRM/KA/RERA/1251/446/PR/290224/006660,,306,"2, 3, 3.5, 4 BHK Apartments",20,"Children's Play Area, Yoga / Meditation Area, Sauna Bath, Swimming Pool, Visitor Parking, Lift(s), Table Tennis, Mini Theatre, 24x7 CCTV Surveillance, Kid's Pool, Gymnasium, Video Door Security, 24X7 Water Supply, Multipurpose Hall, Indoor Games, Cycling & Jogging Track, 24x7 Security, Jacuzzi, Power Backup, Club House",40,1,41,0,1986,220,"Over the last decade, the Prestige Group has firmly established itself as one of the leading and most successful developers of real estate in India by imprinting its indelible mark across all asset classes. Founded in 1986, the group’s turnover is today in excess of Rs 3518 Cr (for FY 15); a leap that has been inspired by CMD Irfan Razack and marshaled by his brothers Rezwan Razack and Noaman Razack. As of 30th June 2020, the group has completed 247 projects covering 134 million sft, and currently has 45 ongoing projects covering over 53 million sft, 56 mn sft of upcoming projects, and holds a land bank of 262 acres with potential developable area of 27 mn sft. The Market Capital of the company as on 30 June 2020 is INR 84,021 Mn. The group’s turnover for the quarter ended June 30, 2020 is INR 12,963 Mn.",Under Construction,"Apr, 2024"
Prestige Finsbury Park Regent,Prestige Finsbury Park,"Plot No. R-6-Part-1, In Hitech Defence And Aerospace Park, Sy Nos Parts of 429 And 462, Jala Hobli, Bagaluru Near Yelahanka, North Bangalore, Bangalore",Not Found,"Jun, 2023",851 - 1431 sq.ft.,10 Acres,PRM/KA/RERA/1251/472/PR/191206/003056,,957,3 BHK Apartment,88,"Amphitheater, Cricket Pitch, Changing Room, Spa, Skating Rink, Fountains, Fire Sprinklers, Table Tennis, Mini Theatre, Kid's Pool, Medical Store/Pharmacy, Water Softner Plant, Car Parking, 24X7 Water Supply, Concierge Service, Multipurpose Room, Senior Citizen Siteout, Indoor Games, Pergola, Shopping Mall, Piped Gas Connection, Party Lawn, Sewage Treatment Plant, Intercom, Children's Play Area, Salon, Steam Room, Recreation Facilities, Visitor Parking, 24x7 CCTV Surveillance, Reserved Parking, Chess Board, Community Hall, Spa/Sauna/Steam, Maintenance Staff, Banquet Hall, Library, Rain Water Harvesting, Laundromat, 24x7 Security, Jacuzzi, Cafeteria, Waiting Lounge, Reading Lounge, Internet / Wi-Fi, Grocery Shop, Tennis Court, Reflexology Park, Solar Lighting, Garbage Disposal, Swimming Pool, Vastu Compliant, Landscaping & Tree Planting, Water Storage, Fire Fighting System, Gymnasium, Flower Garden, Squash Court, Golf Course, Jogging Track, Gated Community, Sports Facility, Lawn Tennis Court, Club House, Service Lift, Entrance Lobby, Yoga / Meditation Area, Security Cabin, Barbecue Area, Lift(s), Badminton Court, Terrace Garden, Creche/Day Care, RO Water System, Video Door Security, Restaurant, High Speed Elevators, Multipurpose Hall, Basketball Court, Conference Room, Paved Compound, Solar Water Heating, Internal Roads & Footpaths, ATM, Carrom, Power Backup, Acupressure Center, Billiards / Snooker Table",54,1,55,0,1986,217,"Over the last decade, the Prestige Group has firmly established itself as one of the leading and most successful developers of real estate in India by imprinting its indelible mark across all asset classes. Founded in 1986, the group’s turnover is today in excess of Rs 3518 Cr (for FY 15); a leap that has been inspired by CMD Irfan Razack and marshaled by his brothers Rezwan Razack and Noaman Razack. As of 30th June 2020, the group has completed 247 projects covering 134 million sft, and currently has 45 ongoing projects covering over 53 million sft, 56 mn sft of upcoming projects, and holds a land bank of 262 acres with potential developable area of 27 mn sft. The Market Capital of the company as on 30 June 2020 is INR 84,021 Mn. The group’s turnover for the quarter ended June 30, 2020 is INR 12,963 Mn.",Ready to Move,"Jan, 2020"
Keya Around The Life,KEYA HOMES,"Whitefield -Seegehalli, Near Sai Baba Ashram, Bangalore East , Bangalore",₹10 K/sq.ft,Ready to Move,2371 - 2428 sq.ft.,4.67 Acres,PRM/KA/RERA/1251/446/PR/020822/005125,,468,4 BHK Apartment,30,"Waiting Lounge, Cricket Pitch, Tennis Court, Sauna Bath, Reflexology Park, Swimming Pool, Skating Rink, Fire Sprinklers, Mini Theatre, Gymnasium, Flower Garden, Kid's Pool, Golf Course, Jogging Track, Senior Citizen Siteout, Cycling & Jogging Track, Foosball, Children's Play Area, Entrance Lobby, Yoga / Meditation Area, Security Cabin, Steam Room, Card Room, Badminton Court, Aerobics Room, Chess Board, Multipurpose Hall, Basketball Court, Carrom, Jacuzzi",71,1,72,0,2013,5,KEYA is a professionally managed Company since inception. It has been debt/PE/loan free Company since day ZERO. KEYA focuses on deliverling homes which have been built keeping environment and sustainibility in mind with a blend of technology and lifestyle. All our projects get completed in a span of 2.0-2.50 years tenure. We endeavor to skale the game and deliver you more than you can expect for.,Ready to Move,"Jun, 2022"
Keya The Green Terraces,KEYA HOMES,"Next To Smondo Apartments, Neo Town, Electronic City Phase 1, South Bangalore, Bangalore",₹10 K/sq.ft,Ready to Move,660 - 1500 sq.ft.,2 Acres,PRM/KA/RERA/1251/308/PR/171103/001517,,395,"1, 2, 3 BHK Apartments",83,"Amphitheater, Changing Room, Gazebo, Spa, Vastu Compliant, Fountains, Table Tennis, Mini Theatre, Water Softner Plant, Medical Facilities, Car Parking, 24X7 Water Supply, Multipurpose Room, Senior Citizen Siteout, Indoor Games, Pergola, Shopping Mall, Piped Gas Connection, Bowling Alley, Hospital, Food Court, Party Lawn, Sewage Treatment Plant, Intercom, Children's Play Area, Salon, Steam Room, Card Room, Visitor Parking, Chess Board, Community Hall, Spa/Sauna/Steam, Maintenance Staff, Banquet Hall, Rain Water Harvesting, Library, Laundromat, 24x7 Security, Jacuzzi, Cafeteria, Waiting Lounge, Internet / Wi-Fi, Tennis Court, Grocery Shop, Reflexology Park, Solar Lighting, Garbage Disposal, Swimming Pool, Landscaping & Tree Planting, Water Storage, Fire Fighting System, Gymnasium, Flower Garden, Squash Court, Jogging Track, Gated Community, Lawn Tennis Court, Foosball, Club House, Anti-termite Treatment, Doctor on call, Entrance Lobby, Yoga / Meditation Area, Security Cabin, Barbecue Area, Bar/Chill-out Lounge, Badminton Court, Aerobics Room, Terrace Garden, Creche/Day Care, RO Water System, Sun Deck, Video Door Security, Multipurpose Hall, Basketball Court, Paved Compound, ATM, Internal Roads & Footpaths, Infinity Pool, Carrom, Power Backup, Acupressure Center, DG Availability",58,Not Found,58,0,2013,5,KEYA is a professionally managed Company since inception. It has been debt/PE/loan free Company since day ZERO. KEYA focuses on deliverling homes which have been built keeping environment and sustainibility in mind with a blend of technology and lifestyle. All our projects get completed in a span of 2.0-2.50 years tenure. We endeavor to skale the game and deliver you more than you can expect for.,Ready to Move,"Aug, 2015"
Casagrand Casablanca,CASAGRAND BUILDER PRIVATE LIMITED,"Off Kanakapura Road, Bangalore",₹7.11 K - 8.6 K/sq.ft,"Jun, 2027",1266 - 3987 sq.ft.,27 Acres (70% open),PRM/KA/RERA/1251/310/PR/040524/006862,,806,"2, 3, 4, 5 BHK Apartment,Penthouses",20,"Children's Play Area, Entrance Lobby, Swimming Pool, Solid Waste Management And Disposal, Fire Sprinklers, Visitor Parking, Landscaping & Tree Planting, 24x7 CCTV Surveillance, Sensor operated doors and lifts, Fire Fighting System, Closed Car Parking, 24X7 Water Supply, Street Lighting, Storm Water Drains, Internal Roads & Footpaths, 24x7 Security, Power Backup, Sewage Treatment Plant, Club House, Intercom",59,2,61,0,2004,164,"Casagrand Builder Private Limited is a real estate enterprise committed to building aspirations and delivering value. In the last fifteen years, we have developed over 22 million sqft of prime residential real estate across Chennai, Bengaluru, and Coimbatore. Over 18,250 happy families across 112+ landmark properties stand testimony to our commitment. In the sixteenth year of our journey, we at Casagrand are all set to progress further forward with projects worth over Rs. 8000 crores in the pipeline.",Under Construction,
Platinum East Woods,PLATINUM NARYA INFRA,"Sy 191, Bidarahalli Hobli, Kannamangala, Bangalore East , Bangalore",₹9.3 K/sq.ft,"Mar, 2027",1051 - 2578 sq.ft.,2 Acres,PRM/KA/RERA/1251/446/PR/100423/005855,,178,"2, 3, 4 BHK Apartments",47,"Cricket Pitch, Changing Room, Reflexology Park, Swimming Pool, Skating Rink, Fountains, Landscaping & Tree Planting, Water Conservation, Rain water Harvesting, Table Tennis, Mini Theatre, Fire Escape Staircases, Gymnasium, Fire Fighting System, Flower Garden, Electrification(Transformer, Solar Energy etc), 24X7 Water Supply, Car Parking, Jogging Track, Street Lighting, Senior Citizen Siteout, Gated Community, Indoor Games, Pergola, Party Lawn, Sewage Treatment Plant, Club House, Children's Play Area, Entrance Lobby, Security Cabin, Yoga / Meditation Area, Barbecue Area, Solid Waste Management And Disposal, Visitor Parking, Lift(s), Terrace Garden, 24x7 CCTV Surveillance, Community Hall, Basketball Court, Storm Water Drains, Banquet Hall, Open Parking, Internal Roads & Footpaths, Rain Water Harvesting, 24x7 Security, Power Backup, Billiards / Snooker Table, DG Availability",53,Not Found,53,0,Not Found,Not Found,Not Found,Under Construction,"Apr, 2023"
SNN Estates Felicity,SNN ESTATES,"Behind Manyata Tech Park Rachenahalli, Jakkur, North Bangalore, Bangalore",12.83 K - ₹19.96 K/sq.ft,"Dec, 2028",450 - 2300 sq.ft.,6.49 Acres (80% open),PRM/KA/RERA/1251/309/PR/220124/006568,,580,"1, 2, 3, 4 BHK Apartments",37,"Cricket Pitch, Spa, Swimming Pool, Skating Rink, Landscaping & Tree Planting, Table Tennis, Fire Fighting System, Gymnasium, Water Softner Plant, Closed Car Parking, Car Parking, 24X7 Water Supply, Squash Court, Senior Citizen Siteout, Gated Community, Indoor Games, Party Lawn, Sewage Treatment Plant, Intercom, Club House, Children's Play Area, Yoga / Meditation Area, Salon, Solid Waste Management And Disposal, Football Field, Lift(s), Badminton Court, Aerobics Room, 24x7 CCTV Surveillance, Sun Deck, Chess Board, Basketball Court, Rain Water Harvesting, 24x7 Security, Carrom, Power Backup, Billiards / Snooker Table",72,2,74,0,3,Not Found,"SNN Estates Established in 2005 and listed among the top real estate property developers and builders in Bengaluru, South India, SNN Estates have completed over 11 projects covering more than 21 million sq. ft. SNN Estates' property development portfolio is diverse in scope and style, attracting considerable interest from not just end consumers but also from investors as well. The company’s key competitive advantages lie in its sound financial backing, the availability of large resources, and a high level of management expertise. The company’s corporate philosophy focuses on balancing the evolving needs of a modern city while maintaining and conserving the environment. Most of SNN’s ongoing & upcoming projects are located in East, South & North Bengaluru, Offering a choice of 1/2/3/4 BHK affordable and luxurious residential apartments, penthouses and villas.
6300+ Happy Families
21 Million sqft Constructed
11+ Projects Delivered",Under Construction,"Jun, 2022"
Sumadhura Folium Phase lll,SUMADHURA INFRACON PVT LTD,"Whitefield, Bangalore East , Bangalore",₹21.03 K/sq.ft,"Dec, 2026",187 - 1645 sq.ft.,2.7624 Acres,PRM/KA/RERA/1251/446/PR/141223/006468,,200,"1, 3, 4 BHK Apartments",13,"Reflexology Park, Swimming Pool, Open Gym, Lift(s), Water Storage, 24x7 CCTV Surveillance, Community Hall, Indoor Games, Piped Gas Connection, 24x7 Security, Power Backup, Club House, Open Air Theatre",10,Not Found,10,0,1998,53,"Sumadhura Infracon Pvt Ltd is a name that resonates among the prominent residential and commercial developers in Bangalore, India. Their ability to deliver on-time luxurious and affordable housing projects in Bangalore has ensured a continual interest from their customers. Their expertise in acquisition of land, appointment of architects and designers, construction, sales to after sales service, has helped them to be counted among Bangalore's forerunners in Real Estate development. The company's vision to continuously expand the role of a leading developer in the construction industry by building lasting relationships with our clientele and all concerned on the foundations of performance, trust and confidence. And its mission is to develop quality properties based on realistic values for its owners, investment affiliates, as well as its joint venture partners. It is an enterprise that maintains the highest level of personnel support and skilled professionals for an enjoyable environment.",Under Construction,"Oct, 2023"
Sri Garudadri Gardens,SRI GARUDADRI CONSTRUCTIONS,"Rajarajeshwarinagar, Bangalore",9.24 K - ₹9.89 K/sq.ft,"Jun, 2025",1000 - 1500 sq.ft.,0.72 Acres,PRM/KA/RERA/1251/310/PR/291223/006517,,56,"2, 3 BHK Apartments",19,"Children's Play Area, Solid Waste Management And Disposal, Lift(s), Landscaping & Tree Planting, Water Conservation, Rain water Harvesting, 24x7 CCTV Surveillance, Gymnasium, Electrification(Transformer, Solar Energy etc), Car Parking, 24X7 Water Supply, Jogging Track, Multipurpose Hall, Street Lighting, Gated Community, Internal Roads & Footpaths, Rain Water Harvesting, 24x7 Security, Power Backup, Sewage Treatment Plant",29,Not Found,29,0,Not Found,Not Found,Not Found,Under Construction,"Sep, 2023"
Satvat Yuva Dwee,SATVAT INFRA VENTURES PVT LTD,"Vajarahalli, BCMC Layout, South Bangalore, Bangalore",₹7.5 K/sq.ft,"Mar, 2025",1930 - 2070 sq.ft.,,Rera Not Applicable,,,3 BHK Apartment,10,"Closed Car Parking, 24X7 Water Supply, Solid Waste Management And Disposal, Lift(s), Landscaping & Tree Planting, Water Conservation, Rain water Harvesting, 24x7 Security, 24x7 CCTV Surveillance, Electrical meter Room, Power Backup",32,Not Found,32,0,Not Found,Not Found,Not Found,Ready to Move,"Jun, 2024"
Urbanest Eastfield,URBANEST REALTY BANGALORE,"Hoskote, Bangalore",₹7.96 K/sq.ft,"Dec, 2027",1744 - 1886 sq.ft.,2.71 Acres,PRM/KA/RERA/1250/304/PR/131224/007290,,200,3 BHK Apartment,41,"Amphitheater, Cricket Pitch, Tennis Court, Spa, Skating Rink, Swimming Pool, Fountains, Open Gym, Landscaping & Tree Planting, Water Conservation, Rain water Harvesting, Gymnasium, Kid's Pool, Flower Garden, Fire Fighting System, Electrification(Transformer, Solar Energy etc), 24X7 Water Supply, Street Lighting, Senior Citizen Siteout, Reception/Waiting Room, Cycling & Jogging Track, Piped Gas Connection, Business Center, Party Lawn, Sewage Treatment Plant, Club House, Children's Play Area, Entrance Lobby, Salon, Yoga / Meditation Area, Solid Waste Management And Disposal, Visitor Parking, Lift(s), Solar Power System, 24x7 CCTV Surveillance, Restaurant, Multipurpose Hall, Basketball Court, Community Hall, Storm Water Drains, Internal Roads & Footpaths, Power Backup",20,1,21,0,3,Not Found,"At Urbanest Realty, we are committed to deliver the highest quality of construction and upholding our promises. Our primary goal is to ensure complete customer satisfaction and foster lasting relationships. Through our innovative approach, we have redefined the real estate industry in Bangalore, enabling people to enjoy comfortable living. Each project embodies perfection, precision and quality, striking the perfect balance between aesthetics and functionality.",Under Construction,"Jan, 2025"
Ashford Regal Cross Town,ASHFORD GROUP BUILDERS,"Bhandup West, Central Mumbai Suburbs, Mumbai",₹24.75 K/sq.ft,"Dec, 2027",400 - 1096 sq.ft.,5.5 Acres,"P51800047421, P51800048460",,280,"1, 2, 3 BHK Apartments",19,"Children's Play Area, Amphitheater, Steam Room, Card Room, Sauna Bath, Reflexology Park, Swimming Pool, Fire Sprinklers, Table Tennis, Kid's Pool, Gymnasium, Flower Garden, 24X7 Water Supply, Jogging Track, Indoor Games, Banquet Hall, Party Lawn, Carrom, Power Backup",22,Not Found,22,0,11,Not Found,"Ashford Group Builders is committed to create business premises, residence, building and infrastructures that are known for their quality and distinct in design. They are focused in the determination to provide customers elegant, lavish and affordable homes that will redefine their way of living. They are committed to deliver the gracefully crafted homes with expected quality as promised. The builder has a skilled and well planned team that crafts concrete marvels that actually make the home seeker meet his mind place. Customer satisfaction and their trust is the main feature of the group.",Under Construction,"Oct, 2022"
ASSETZ 66 & SHIBUI,ASSETZ PROPERTY GROUP,"Whitefield Main Road, Sathya Sai Layout, Whitefield, Bangalore East , Bangalore",14.06 K - ₹15.09 K/sq.ft,"Jun, 2028",2154 - 3044 sq.ft.,2 Acres (75% open),PRM/KA/RERA/1251/446/PR/300124/006601,,96,"3, 4 BHK Apartments",16,"Children's Play Area, Waiting Lounge, Entrance Lobby, Yoga / Meditation Area, Tennis Court, Card Room, Swimming Pool, Table Tennis, Gymnasium, Kid's Pool, Multipurpose Hall, Indoor Games, 24x7 Security, Party Lawn, Foosball, Billiards / Snooker Table",27,2,29,0,2006,49,"Assetz is a pioneer in the real estate sector. Founded in 2006, the company has seen a surge in growth over the past 15 years, making it an ‘A Grade’ player in the market. The journey started in the commercial segment, with award winning projects such as Vrindavan Tech Village (now Embassy Tech Village) and Global Technology Park, both of which have been successfully delivered and exited.",Under Construction,"Jan, 2024"
Ajmera Manhattan,AJMERA GROUP,"Wadala, Mumbai Harbour, Mumbai",Not Found,"Dec, 2026",750 - 1197 sq.ft.,27.6 Acres,P51800032948,,540,"2, 3 BHK Apartments",14,"Recreation Facilities, Solid Waste Management And Disposal, Landscaping & Tree Planting, Water Conservation, Rain water Harvesting, Footpaths/Pedestrian, Fire Fighting System, Community Buildings, 24X7 Water Supply, Street Lighting, Storm Water Drains, Open Parking, Internal Roads & Footpaths, Energy management, Electrical meter Room",29,3,32,0,1967,69,"Developer Profile
Ajmera Group is a real estate developer who entered the Indian real estate market in the early 1960s. Over the past 50 years, the company has grown in a big way and has made a mark not only in the field of steel, cement, power, education and social welfare but also in real estate developments across west India in Mumbai, Pune, Rajkot, Ahmedabad, Surat as well as Bangalore. It also has an overseas presence in Bahrain. Ajmera Group has made remarkable contributions to address the future housing needs of India through a plethora of contemporary apartments and modern integrated townships situated in some of the coveted locations of the country.
Founded by Sarvashree. Chhotalal S. Ajmera, the builder has emerged as a trusted brand for over 42,000 families through the delivery of international grade properties. The company works closely with world-renowned architects, designers, town planners and landscape consulting firms for the creation of world-class residential projects.
Experience and Strengths
Ajmera Group is currently under the leadership of its Chairman and Managing Director, Rajnikant Shamalji Ajmera, who drives the management team in building iconic projects with an undeterred focus on timeline adherence, quality construction and adoption of modern technology. The range of residential properties by Ajmera Group includes high-rise towers, luxurious villas, commercial complexes and corporate parks. The gated communities launched by the developer include vast open spaces, well-planned residences as well as latest facilities rightly picked to fulfil the wishes of a dream lifestyle for thousands of families.
Ajmera Group proactively promotes the concept of an Innovated Township Culture across six cities and two countries. It is steadfast towards achieving its mission to preserve affordability with a world-class outcome which is set firmly on its motto ‘Less for More’. The finesse and immaculately planning involved in creating the projects are reflected in the form of customer delight, enriching the attributes, values and vision that make Ajmera Group a leading realty company. The developer encourages sustainable development which is why it uses innovative techniques to provide a quality life while ensuring minimum environmental impact.
Projects
Ajmera Group has constructed real estate space with a total area of 25 million sqft in India. So far, it has completed 49 residential projects and is presently working on five ongoing projects. Some of the prestigious housing projects by the builder include Ajmera Yogi Dham at Kalyan West in Mumbai, Ajmera Casa Vyoma at Vastrapur in Ahmedabad, Ajmera Annex at Electronic City Phase 1 in Bangalore and Ajmera Exotica at Wagholi in Pune.",Under Construction,"Feb, 2022"
The Poem,SHRIRAM PROPERTIES,"Ward 12, SY No. 60/3, of Shetti Halli, SY No. 20, 21, 22 and 29, of Myadara Halli, Yeshwantpur, North Bangalore, Bangalore",₹11.62 K/sq.ft,"Mar, 2028",668 - 735 sq.ft.,7 Acres (70% open),PRM/KA/RERA/1251/309/PR/210319/004033,,972,"2, 2.5 BHK Apartments",57,"Cricket Pitch, Volleyball Court, Changing Room, Skating Rink, Fire Sprinklers, Table Tennis, Kid's Pool, Car Parking, 24X7 Water Supply, Multipurpose Room, Street Lighting, Senior Citizen Siteout, Indoor Games, Cycling & Jogging Track, Sewage Treatment Plant, Intercom, Children's Play Area, Theme Park, Entrance Gate Security Cabin, 24x7 CCTV Surveillance, Reserved Parking, Chess Board, Community Hall, Rain Water Harvesting, Library, 24x7 Security, Electrical meter Room, Cafeteria, Waiting Lounge, Reading Lounge, Tennis Court, Reflexology Park, Swimming Pool, Open Gym, Vastu Compliant, Fire Fighting System, Gymnasium, Squash Court, Jogging Track, Gated Community, Club House, Open Air Theatre, Yoga / Meditation Area, Lift(s), Fire Retardant Structure, Creche/Day Care, Badminton Court, RO Water System, Sun Deck, Multipurpose Hall, Basketball Court, Conference Room, Solar Water Heating, Internal Roads & Footpaths, Carrom, Power Backup, Billiards / Snooker Table",44,1,45,0,1974,112,"We are one of the leading residential real estate development companies in South India, primarily focused on the mid-market and affordable housing categories. We are among the five largest residential real estate companies in South India, including specifically in Bengaluru and Chennai, in terms of number of aggregate units launched in the calendar years 2012 to 2017 and the six months ended June 30, 2018. We are also present in the mid-market premium and luxury housing categories, commercial and office space category as well as plotted development category.

We are part of the Shriram Group, which is a prominent business group with four decades of operating history in India and a well-recognized brand in the retail financial services sector and several other industries. We believe that our relationship with the Shriram Group provides us with strong brand recall and that we benefit, and will continue to benefit, from the trust and confidence that homebuyers, lenders, financial investors, landowners, development partners, contractors and other stakeholders place in the Shriram brand and its operational history.

We commenced operations in Bengaluru in the year 2000 and, have expanded our presence to other cities in South India, i.e., Chennai, Coimbatore and Visakhapatnam. In addition, we also have presence in Kolkata in East India, where we are developing a large mixed-use project. Bengaluru and Chennai are two key markets for us. These cities are two large residential housing markets in India, contributing to approximately 31.24% of the launches and 34.22% of the sold inventory in India’s seven cities (Bengaluru, Mumbai, Delhi, Chennai, Pune, Hyderabad and Kolkata), across calendar years 2016 to 2017 and the six months ended June 30, 2018.

As of November 30, 2018, we have 25 completed projects, representing 12.86 million square feet of Saleable Area, out of which our 20 completed projects in the cities of Bengaluru and Chennai accounted for 87.69% of our Saleable Area. Further, 81.88% of our total Saleable Area for completed projects were in the mid-market category and affordable housing category (with midmarket and affordable categories accounting for 48.02% and 33.86% respectively), and the remainder in the commercial and office space and luxury housing categories, as of November 30, 2018.

SHRIRAM PROPERTIES- A SEAL OF TRUST!

PART OF THE FINANCIAL CONGLOMERATE SHRIRAM GROUP
22000+ HAPPY FAMILIES
ECONOMIC TIMES BUSINESS EXCELLENCE AWARD 2020 WINNER: DEVELOPER OF THE YEAR (RESIDENTIAL)
PRIVATE EQUITY INVESTMENT BY GLOBAL PLAYERS MITSUBISHI, TPG KOTAK, WALTON STREET CAPITAL STARWOOD CAPITAL AND TATA CAPITAL

Milestone & Awards:

Real Estate Awards 2021 by Global Real Estate Congress:
Most Trusted Real Estate Brand
Mid-Segment Project of the Year – Codename Yuva
Customer Service Excellence Award

By ET Business Excellence 2020, Times of India Group (TOI)
Developer of the Year Residential

12th Reality + Conclave & Excellence Awards, South -2020
CXO of the Year
Integrated Township Project of the Year

Smart City Empowering India Award – 2020
Best Efficient & Sustainable – Smart Real Estate Project",Under Construction,"Jun, 2021"
Casagrand Amor,CASAGRAND BUILDER PRIVATE LIMITED,"Begur, South Bangalore, Bangalore",₹6.45 K/sq.ft,"Sep, 2026",1697 - 1699 sq.ft.,7.82 Acres (70% open),ACK/KA/RERA/1251/310/PR/040324/007911,,480,3 BHK Apartment,32,"Amphitheater, Cricket Pitch, Sauna Bath, Reflexology Park, Spa, Swimming Pool, Skating Rink, Landscaping & Tree Planting, Gymnasium, Kid's Pool, Squash Court, Golf Course, Senior Citizen Siteout, Indoor Games, Cycling & Jogging Track, Business Center, Party Lawn, Children's Play Area, Entrance Lobby, Yoga / Meditation Area, Salon, Steam Room, Barbecue Area, Wall Climbing, Board Games, Lift(s), Terrace Garden, Chess Board, Multipurpose Hall, Basketball Court, Car Wash Area, Library",63,2,65,0,2004,164,"Casagrand Builder Private Limited is a real estate enterprise committed to building aspirations and delivering value. In the last fifteen years, we have developed over 22 million sqft of prime residential real estate across Chennai, Bengaluru, and Coimbatore. Over 18,250 happy families across 112+ landmark properties stand testimony to our commitment. In the sixteenth year of our journey, we at Casagrand are all set to progress further forward with projects worth over Rs. 8000 crores in the pipeline.",Under Construction,"Mar, 2024"
Brigade Horizon,BRIGADE ENTERPRISES LTD,"Survey Nos 248/1, Kumbalgodu, Mysore-Bangalore Road, Bangalore",₹8.17 K/sq.ft,"Dec, 2026",615 - 3215 sq.ft.,4.99 Acres (60% open),PRM/KA/RERA/1251/310/PR/190722/005086,,372,"1, 2, 3, 4 BHK Apartments",36,"Cricket Pitch, Tennis Court, Spa, Garbage Disposal, Swimming Pool, Landscaping & Tree Planting, Water Conservation, Rain water Harvesting, Table Tennis, Mini Theatre, Fire Fighting System, Gymnasium, Car Parking, 24X7 Water Supply, Jogging Track, Street Lighting, Gated Community, Indoor Games, Cycling & Jogging Track, Party Lawn, Sewage Treatment Plant, Club House, Intercom, Children's Play Area, Yoga / Meditation Area, Visitor Parking, Lift(s), Badminton Court, 24x7 CCTV Surveillance, Sun Deck, Multipurpose Hall, Community Hall, Paved Compound, Library, Rain Water Harvesting, 24x7 Security, Power Backup",46,1,47,0,1986,150,"Developer Profile
Brigade Group is a Bangalore-based real estate company focussed on providing world-class property solutions including luxury apartments, commercial spaces, retail spaces and hospitality projects. The builder has a multi-domain portfolio encompassing property management services, education, property development and hospitality. Founded in 1986, the group has a presence in major cities of South India like Kochi, Chennai, Hyderabad, Mysore and Bangalore. An accredited agent in the USA, the developer also has a representative office in Dubai, United Arab Emirates.
Brigade Group has won the Best Office Space Award - World Trade Center Bangalore and Brigade Gateway at the CREDAI Real Estate Awards Karnataka 2013. It has been ranked among India's top 10 builders for consistent five years from 2007 to 2011 by Construction World. It has also received the CRISIL Rating PA2, 1995.
Experience and Strengths
The corporate philosophy of Brigade Group includes a stable and confident business model as well as processes involving innovation. The developer is environmentally conscious and develops projects in strict compliance with applicable regulations and best practices. It has been certified in ISO 9001:2015 and ISO 14001:2004 (Environmental Management Systems), 2008. The brand has gained the trust and admiration of numerous customers owing to its reliable services. It strives to retain its position of being the preferred developer of residential, commercial and hospitality spaces in the market by staying committed to its goals.
The team at Brigade Group is led by Chairman and Managing Director, M.R. Jaishankar, and Director, M.R. Gurumurthy. Several projects and concepts pioneered by the developer have been a huge success and created landmarks which changed the urban landscape. For instance, Brigade Towers was the first 14-storied building in Bangalore; Brigade Millennium at JP Nagar was Bangalore's first integrated enclave project launched in 2002, and Brigade Gateway at Rajajinagar is another prestigious development in Bangalore that was recognised as the most integrated city-centric mixed-use project.
The builder has partnered with some of the best-known architects, master planners, contractors, suppliers and consultants in the industry. Construction of properties using cutting-edge technology is one of the biggest strengths of Brigade Group. The company has been on the forefront when it comes to using new technologies like in-house pre-cast technology. Besides complying with international standards for delivering a high-quality product, the developer also adheres to the timelines. Moreover, it has launched an online portal for tracking project progress and payments; and an online booking platform for home-buying that has offered the best customer experience.
Projects
In 32 years, Brigade Group has grown rapidly and developed over 20 million square feet of real estate space. Brigade Metropolis at Whitefield, Bangalore is an award-winning 40-acre residential development. The developer has worked on 30 residential projects in Bangalore and other cities including 14 ongoing projects. It offers 1, 2 and 3BHK apartments sized between 800 sqft and 2,000 sqft; as well as spacious 4BHK and 5BHK apartments sized above 3,000 sqft.",Under Construction,"Jul, 2022"
Shriram Solitaire,SHRIRAM PROPERTIES,"Yelahanka, North Bangalore, Bangalore",₹8.2 K/sq.ft,Ready to Move,1045 - 1235 sq.ft.,3.09 Acres,TOR/PRM/KA/RERA/1251/309/PR/221116/000068,,,"2, 2.5 BHK Apartments",21,"Children's Play Area, Amphitheater, Yoga / Meditation Area, Barbecue Area, Gazebo, Swimming Pool, Lift(s), Landscaping & Tree Planting, Badminton Court, Table Tennis, Kid's Pool, Gymnasium, Car Parking, 24X7 Water Supply, Multipurpose Room, Jogging Track, Multipurpose Hall, Basketball Court, Banquet Hall, Lawn Tennis Court, Party Lawn",14,Not Found,14,0,1974,112,"We are one of the leading residential real estate development companies in South India, primarily focused on the mid-market and affordable housing categories. We are among the five largest residential real estate companies in South India, including specifically in Bengaluru and Chennai, in terms of number of aggregate units launched in the calendar years 2012 to 2017 and the six months ended June 30, 2018. We are also present in the mid-market premium and luxury housing categories, commercial and office space category as well as plotted development category.

We are part of the Shriram Group, which is a prominent business group with four decades of operating history in India and a well-recognized brand in the retail financial services sector and several other industries. We believe that our relationship with the Shriram Group provides us with strong brand recall and that we benefit, and will continue to benefit, from the trust and confidence that homebuyers, lenders, financial investors, landowners, development partners, contractors and other stakeholders place in the Shriram brand and its operational history.

We commenced operations in Bengaluru in the year 2000 and, have expanded our presence to other cities in South India, i.e., Chennai, Coimbatore and Visakhapatnam. In addition, we also have presence in Kolkata in East India, where we are developing a large mixed-use project. Bengaluru and Chennai are two key markets for us. These cities are two large residential housing markets in India, contributing to approximately 31.24% of the launches and 34.22% of the sold inventory in India’s seven cities (Bengaluru, Mumbai, Delhi, Chennai, Pune, Hyderabad and Kolkata), across calendar years 2016 to 2017 and the six months ended June 30, 2018.

As of November 30, 2018, we have 25 completed projects, representing 12.86 million square feet of Saleable Area, out of which our 20 completed projects in the cities of Bengaluru and Chennai accounted for 87.69% of our Saleable Area. Further, 81.88% of our total Saleable Area for completed projects were in the mid-market category and affordable housing category (with midmarket and affordable categories accounting for 48.02% and 33.86% respectively), and the remainder in the commercial and office space and luxury housing categories, as of November 30, 2018.

SHRIRAM PROPERTIES- A SEAL OF TRUST!

PART OF THE FINANCIAL CONGLOMERATE SHRIRAM GROUP
22000+ HAPPY FAMILIES
ECONOMIC TIMES BUSINESS EXCELLENCE AWARD 2020 WINNER: DEVELOPER OF THE YEAR (RESIDENTIAL)
PRIVATE EQUITY INVESTMENT BY GLOBAL PLAYERS MITSUBISHI, TPG KOTAK, WALTON STREET CAPITAL STARWOOD CAPITAL AND TATA CAPITAL

Milestone & Awards:

Real Estate Awards 2021 by Global Real Estate Congress:
Most Trusted Real Estate Brand
Mid-Segment Project of the Year – Codename Yuva
Customer Service Excellence Award

By ET Business Excellence 2020, Times of India Group (TOI)
Developer of the Year Residential

12th Reality + Conclave & Excellence Awards, South -2020
CXO of the Year
Integrated Township Project of the Year

Smart City Empowering India Award – 2020
Best Efficient & Sustainable – Smart Real Estate Project",Ready to Move,
Prestige Park Grove,Not Found,Not Found,Not Found,Not Found,658 - 4170 sq.ft.,78 Acres,PRM/KA/RERA/1251/446/PR/100823/006141,,,Not Found,33,"Amphitheater, Cricket Pitch, Tennis Court, Spa, Skating Rink, Swimming Pool, Landscaping & Tree Planting, Mini Theatre, Fire Fighting System, Gymnasium, Car Parking, 24X7 Water Supply, Multipurpose Room, Jogging Track, Senior Citizen Siteout, Gated Community, Indoor Games, Lawn Tennis Court, Intercom, Club House, Children's Play Area, Yoga / Meditation Area, Lift(s), 24x7 CCTV Surveillance, Video Door Security, Multipurpose Hall, Community Hall, Basketball Court, Paved Compound, Beach Volley Ball Court, Power Backup, Cafeteria, DG Availability",Not Found,Not Found,Not Found,0,1986,220,"Over the last decade, the Prestige Group has firmly established itself as one of the leading and most successful developers of real estate in India by imprinting its indelible mark across all asset classes. Founded in 1986, the group’s turnover is today in excess of Rs 3518 Cr (for FY 15); a leap that has been inspired by CMD Irfan Razack and marshaled by his brothers Rezwan Razack and Noaman Razack. As of 30th June 2020, the group has completed 247 projects covering 134 million sft, and currently has 45 ongoing projects covering over 53 million sft, 56 mn sft of upcoming projects, and holds a land bank of 262 acres with potential developable area of 27 mn sft. The Market Capital of the company as on 30 June 2020 is INR 84,021 Mn. The group’s turnover for the quarter ended June 30, 2020 is INR 12,963 Mn.",Not Found,
Prestige Sunflower,Not Found,Not Found,Not Found,Not Found,3075 - 4200 sq.ft.,,Not Available,,,Not Found,10,"Children's Play Area, 24X7 Water Supply, Health Facilities, Community Hall, Recreation Facilities, Indoor Games, Maintenance Staff, Rain Water Harvesting, 24x7 Security, Power Backup",Not Found,Not Found,Not Found,0,1986,211,"Over the last decade, the Prestige Group has firmly established itself as one of the leading and most successful developers of real estate in India by imprinting its indelible mark across all asset classes. Founded in 1986, the group’s turnover is today in excess of Rs 3518 Cr (for FY 15); a leap that has been inspired by CMD Irfan Razack and marshaled by his brothers Rezwan Razack and Noaman Razack. As of 30th June 2020, the group has completed 247 projects covering 134 million sft, and currently has 45 ongoing projects covering over 53 million sft, 56 mn sft of upcoming projects, and holds a land bank of 262 acres with potential developable area of 27 mn sft. The Market Capital of the company as on 30 June 2020 is INR 84,021 Mn. The group’s turnover for the quarter ended June 30, 2020 is INR 12,963 Mn.",Not Found,
Prestige Song Of The South Phase 1,Not Found,Not Found,Not Found,Not Found,644 - 2467 sq.ft.,33 Acres (75% open),PRM/KA/RERA/1251/310/PR/170915/000243,,1733,Not Found,39,"Waiting Lounge, Amphitheater, Internet / Wi-Fi, Cricket Pitch, Tennis Court, Sauna Bath, Grocery Shop, Swimming Pool, Skating Rink, Vastu Compliant, Mini Theatre, Gymnasium, Fire Fighting System, Squash Court, Car Parking, 24X7 Water Supply, Multipurpose Room, Jogging Track, Indoor Games, Reception/Waiting Room, Sewage Treatment Plant, Club House, Children's Play Area, Steam Room, Football Field, Lift(s), Badminton Court, Aerobics Room, Open Car Parking, Basketball Court, Staff Quarter, Conference Room, Maintenance Staff, Banquet Hall, Rain Water Harvesting, Library, 24x7 Security, Cafeteria, Billiards / Snooker Table",Not Found,Not Found,Not Found,0,1986,217,"Over the last decade, the Prestige Group has firmly established itself as one of the leading and most successful developers of real estate in India by imprinting its indelible mark across all asset classes. Founded in 1986, the group’s turnover is today in excess of Rs 3518 Cr (for FY 15); a leap that has been inspired by CMD Irfan Razack and marshaled by his brothers Rezwan Razack and Noaman Razack. As of 30th June 2020, the group has completed 247 projects covering 134 million sft, and currently has 45 ongoing projects covering over 53 million sft, 56 mn sft of upcoming projects, and holds a land bank of 262 acres with potential developable area of 27 mn sft. The Market Capital of the company as on 30 June 2020 is INR 84,021 Mn. The group’s turnover for the quarter ended June 30, 2020 is INR 12,963 Mn.",Not Found,"May, 2016"
Prestige Finsbury Park Hyde,Not Found,Not Found,Not Found,Not Found,416 - 642 sq.ft.,15 Acres,PRM/KA/RERA/1251/472/PR/191206/003055,,554,Not Found,45,"Amphitheater, Reading Lounge, Internet / Wi-Fi, Cricket Pitch, Tennis Court, Swimming Pool, Skating Rink, Vastu Compliant, Fire Sprinklers, Landscaping & Tree Planting, Valet Parking, Gymnasium, Car Parking, 24X7 Water Supply, Multipurpose Room, Jogging Track, Gated Community, Indoor Games, Shopping Mall, Piped Gas Connection, Utility Shops, Business Center, Club House, Intercom, Children's Play Area, Yoga / Meditation Area, Lift(s), Party Hall, Badminton Court, Aerobics Room, RO Water System, 24x7 CCTV Surveillance, Health Facilities, Temple, Basketball Court, Community Hall, Spa/Sauna/Steam, Maintenance Staff, Banquet Hall, Rain Water Harvesting, Library, 24x7 Security, Power Backup, Cafeteria, Billiards / Snooker Table",Not Found,Not Found,Not Found,0,1986,220,"Over the last decade, the Prestige Group has firmly established itself as one of the leading and most successful developers of real estate in India by imprinting its indelible mark across all asset classes. Founded in 1986, the group’s turnover is today in excess of Rs 3518 Cr (for FY 15); a leap that has been inspired by CMD Irfan Razack and marshaled by his brothers Rezwan Razack and Noaman Razack. As of 30th June 2020, the group has completed 247 projects covering 134 million sft, and currently has 45 ongoing projects covering over 53 million sft, 56 mn sft of upcoming projects, and holds a land bank of 262 acres with potential developable area of 27 mn sft. The Market Capital of the company as on 30 June 2020 is INR 84,021 Mn. The group’s turnover for the quarter ended June 30, 2020 is INR 12,963 Mn.",Not Found,"Jan, 2020"
Prestige Finsbury Park Regent,Not Found,Not Found,Not Found,Not Found,851 - 1431 sq.ft.,10 Acres,PRM/KA/RERA/1251/472/PR/191206/003056,,957,Not Found,88,"Amphitheater, Cricket Pitch, Changing Room, Spa, Skating Rink, Fountains, Fire Sprinklers, Table Tennis, Mini Theatre, Kid's Pool, Medical Store/Pharmacy, Water Softner Plant, Car Parking, 24X7 Water Supply, Concierge Service, Multipurpose Room, Senior Citizen Siteout, Indoor Games, Pergola, Shopping Mall, Piped Gas Connection, Party Lawn, Sewage Treatment Plant, Intercom, Children's Play Area, Salon, Steam Room, Recreation Facilities, Visitor Parking, 24x7 CCTV Surveillance, Reserved Parking, Chess Board, Community Hall, Spa/Sauna/Steam, Maintenance Staff, Banquet Hall, Library, Rain Water Harvesting, Laundromat, 24x7 Security, Jacuzzi, Cafeteria, Waiting Lounge, Reading Lounge, Internet / Wi-Fi, Grocery Shop, Tennis Court, Reflexology Park, Solar Lighting, Garbage Disposal, Swimming Pool, Vastu Compliant, Landscaping & Tree Planting, Water Storage, Fire Fighting System, Gymnasium, Flower Garden, Squash Court, Golf Course, Jogging Track, Gated Community, Sports Facility, Lawn Tennis Court, Club House, Service Lift, Entrance Lobby, Yoga / Meditation Area, Security Cabin, Barbecue Area, Lift(s), Badminton Court, Terrace Garden, Creche/Day Care, RO Water System, Video Door Security, Restaurant, High Speed Elevators, Multipurpose Hall, Basketball Court, Conference Room, Paved Compound, Solar Water Heating, Internal Roads & Footpaths, ATM, Carrom, Power Backup, Acupressure Center, Billiards / Snooker Table",Not Found,Not Found,Not Found,0,1986,217,"Over the last decade, the Prestige Group has firmly established itself as one of the leading and most successful developers of real estate in India by imprinting its indelible mark across all asset classes. Founded in 1986, the group’s turnover is today in excess of Rs 3518 Cr (for FY 15); a leap that has been inspired by CMD Irfan Razack and marshaled by his brothers Rezwan Razack and Noaman Razack. As of 30th June 2020, the group has completed 247 projects covering 134 million sft, and currently has 45 ongoing projects covering over 53 million sft, 56 mn sft of upcoming projects, and holds a land bank of 262 acres with potential developable area of 27 mn sft. The Market Capital of the company as on 30 June 2020 is INR 84,021 Mn. The group’s turnover for the quarter ended June 30, 2020 is INR 12,963 Mn.",Not Found,"Jan, 2020"
Prestige Great Acres,Not Found,Not Found,Not Found,Not Found,1163 - 4000 sq.ft.,80 Acres (46% open),,,808,Not Found,35,"Amphitheater, Reading Lounge, Cricket Pitch, Volleyball Court, Tennis Court, Skating Rink, Swimming Pool, Landscaping & Tree Planting, Gymnasium, 24X7 Water Supply, Squash Court, Jogging Track, Street Lighting, Gated Community, Sports Facility, Lawn Tennis Court, Party Lawn, Sewage Treatment Plant, Club House, Children's Play Area, Entrance Lobby, Security Cabin, Yoga / Meditation Area, Recreation Facilities, Solid Waste Management And Disposal, Party Hall, Badminton Court, 24x7 CCTV Surveillance, Health Facilities, Multipurpose Hall, Basketball Court, Paved Compound, Beach Volley Ball Court, Rain Water Harvesting, 24x7 Security",Not Found,Not Found,Not Found,0,1986,219,"Over the last decade, the Prestige Group has firmly established itself as one of the leading and most successful developers of real estate in India by imprinting its indelible mark across all asset classes. Founded in 1986, the group’s turnover is today in excess of Rs 3518 Cr (for FY 15); a leap that has been inspired by CMD Irfan Razack and marshaled by his brothers Rezwan Razack and Noaman Razack. As of 30th June 2020, the group has completed 247 projects covering 134 million sft, and currently has 45 ongoing projects covering over 53 million sft, 56 mn sft of upcoming projects, and holds a land bank of 262 acres with potential developable area of 27 mn sft. The Market Capital of the company as on 30 June 2020 is INR 84,021 Mn. The group’s turnover for the quarter ended June 30, 2020 is INR 12,963 Mn.",Not Found,"Aug, 2021"
Prestige Bagmane Temple Bells,Not Found,Not Found,Not Found,Not Found,408 - 1611 sq.ft.,,PRM/KA/RERA/1251/310/PR/170915/000281,,,Not Found,33,"Amphitheater, Tennis Court, Swimming Pool, Fountains, Vastu Compliant, Landscaping & Tree Planting, Table Tennis, Gymnasium, Fire Fighting System, Squash Court, Car Parking, 24X7 Water Supply, Closed Car Parking, Concierge Service, Indoor Games, Lawn Tennis Court, Party Lawn, Club House, Intercom, Children's Play Area, Security Cabin, Lift(s), Aerobics Room, Badminton Court, 24x7 CCTV Surveillance, Reserved Parking, Multipurpose Hall, Basketball Court, Banquet Hall, Library, 24x7 Security, Power Backup, Billiards / Snooker Table",Not Found,Not Found,Not Found,0,1986,217,"Over the last decade, the Prestige Group has firmly established itself as one of the leading and most successful developers of real estate in India by imprinting its indelible mark across all asset classes. Founded in 1986, the group’s turnover is today in excess of Rs 3518 Cr (for FY 15); a leap that has been inspired by CMD Irfan Razack and marshaled by his brothers Rezwan Razack and Noaman Razack. As of 30th June 2020, the group has completed 247 projects covering 134 million sft, and currently has 45 ongoing projects covering over 53 million sft, 56 mn sft of upcoming projects, and holds a land bank of 262 acres with potential developable area of 27 mn sft. The Market Capital of the company as on 30 June 2020 is INR 84,021 Mn. The group’s turnover for the quarter ended June 30, 2020 is INR 12,963 Mn.",Not Found,"Jun, 2014"
Prestige Boulevard,Not Found,Not Found,Not Found,Not Found,749 - 1638 sq.ft.,3 Acres,PRM/KA/RERA/1251/446/PR/170824/000057,,144,Not Found,40,"Tennis Court, Changing Room, Spa, Swimming Pool, Vastu Compliant, Landscaping & Tree Planting, Table Tennis, Gymnasium, Fire Fighting System, Kid's Pool, Medical Facilities, Closed Car Parking, Car Parking, 24X7 Water Supply, Multipurpose Room, Jogging Track, Gated Community, Indoor Games, Party Lawn, Club House, Intercom, Children's Play Area, Entrance Lobby, Security Cabin, Yoga / Meditation Area, Card Room, Lift(s), Aerobics Room, 24x7 CCTV Surveillance, Sun Deck, Reserved Parking, Multipurpose Hall, Paved Compound, Spa/Sauna/Steam, Maintenance Staff, Rain Water Harvesting, Carrom, 24x7 Security, Power Backup, Billiards / Snooker Table",Not Found,Not Found,Not Found,0,1986,219,"Over the last decade, the Prestige Group has firmly established itself as one of the leading and most successful developers of real estate in India by imprinting its indelible mark across all asset classes. Founded in 1986, the group’s turnover is today in excess of Rs 3518 Cr (for FY 15); a leap that has been inspired by CMD Irfan Razack and marshaled by his brothers Rezwan Razack and Noaman Razack. As of 30th June 2020, the group has completed 247 projects covering 134 million sft, and currently has 45 ongoing projects covering over 53 million sft, 56 mn sft of upcoming projects, and holds a land bank of 262 acres with potential developable area of 27 mn sft. The Market Capital of the company as on 30 June 2020 is INR 84,021 Mn. The group’s turnover for the quarter ended June 30, 2020 is INR 12,963 Mn.",Not Found,"Mar, 2016"
Prestige Misty Waters Vista Tower,Not Found,Not Found,Not Found,Not Found,,,,,,Not Found,0,Not Found,Not Found,Not Found,Not Found,0,Not Found,Not Found,Not Found,Not Found,
