XID,Project Name,Configuration,List Item,Price
424462,Lodha Azur,"3 BHK Apartment
2.54 Cr",1950 SQ.FT,"₹ 2.54 Cr
i"
424462,Lodha Azur,"3.5 BHK Apartment
3.19 Cr",2450 SQ.FT,"₹ 3.19 Cr
i"
424462,Lodha Azur,"4 BHK Apartment
3.97 Cr",3060 SQ.FT,"₹ 3.97 Cr
i"
378411,Ecolife Elements Of Nature Akash Block B And C,2 BHK Apartment,1245 SQ.FT,Price on Request
378411,Ecolife Elements Of Nature Akash Block B And C,2 BHK Apartment,1260 SQ.FT,Price on Request
378411,Ecolife Elements Of Nature Akash Block B And C,2 BHK Apartment,1295 SQ.FT,Price on Request
378411,Ecolife Elements Of Nature Akash Block B And C,2 BHK Apartment,1310 SQ.FT,Price on Request
378411,Ecolife Elements Of Nature Akash Block B And C,2 BHK Apartment,1320 SQ.FT,Price on Request
378411,Ecolife Elements Of Nature Akash Block B And C,2 BHK Apartment,1330 SQ.FT,Price on Request
378411,Ecolife Elements Of Nature Akash Block B And C,3 BHK Apartment,1385 SQ.FT,Price on Request
378411,Ecolife Elements Of Nature Akash Block B And C,3 BHK Apartment,1415 SQ.FT,₹ 1.27 Cr
378411,Ecolife Elements Of Nature Akash Block B And C,3 BHK Apartment,1430 SQ.FT,₹ 1.29 Cr
378411,Ecolife Elements Of Nature Akash Block B And C,3 BHK Apartment,1465 SQ.FT,₹ 1.32 Cr
378411,Ecolife Elements Of Nature Akash Block B And C,3 BHK Apartment,1565 SQ.FT,Price on Request
378411,Ecolife Elements Of Nature Akash Block B And C,3 BHK Apartment,1595 SQ.FT,Price on Request
378411,Ecolife Elements Of Nature Akash Block B And C,3 BHK Apartment,1600 SQ.FT,₹ 1.44 Cr
378411,Ecolife Elements Of Nature Akash Block B And C,3 BHK Apartment,1620 SQ.FT,₹ 1.46 Cr
378411,Ecolife Elements Of Nature Akash Block B And C,3 BHK Apartment,1660 SQ.FT,₹ 1.49 Cr
378411,Ecolife Elements Of Nature Akash Block B And C,3 BHK Apartment,1666 SQ.FT,₹ 1.5 Cr
378411,Ecolife Elements Of Nature Akash Block B And C,3 BHK Apartment,1737 SQ.FT,₹ 1.56 Cr
378411,Ecolife Elements Of Nature Akash Block B And C,3 BHK Apartment,1878 SQ.FT,₹ 1.69 Cr
423949,Novo Gardenia,"3 BHK Apartment
1.3 Cr - 1.55 Cr",1495 SQ.FT,"₹ 1.3 Cr
i"
423949,Novo Gardenia,"3 BHK Apartment
1.3 Cr - 1.55 Cr",1500 SQ.FT,"₹ 1.3 Cr
i"
423949,Novo Gardenia,"3 BHK Apartment
1.3 Cr - 1.55 Cr",1550 SQ.FT,"₹ 1.34 Cr
i"
423949,Novo Gardenia,"3 BHK Apartment
1.3 Cr - 1.55 Cr",1590 SQ.FT,"₹ 1.38 Cr
i"
423949,Novo Gardenia,"3 BHK Apartment
1.3 Cr - 1.55 Cr",1675 SQ.FT,"₹ 1.45 Cr
i"
423949,Novo Gardenia,"3 BHK Apartment
1.3 Cr - 1.55 Cr",1735 SQ.FT,"₹ 1.5 Cr
i"
423949,Novo Gardenia,"3 BHK Apartment
1.3 Cr - 1.55 Cr",1745 SQ.FT,"₹ 1.51 Cr
i"
423949,Novo Gardenia,"3 BHK Apartment
1.3 Cr - 1.55 Cr",1770 SQ.FT,"₹ 1.53 Cr
i"
423949,Novo Gardenia,"3 BHK Apartment
1.3 Cr - 1.55 Cr",1790 SQ.FT,"₹ 1.55 Cr
i"
423949_phase_2,IVY County Pristine Villa Plots,"Plot
1.16 Cr - 2.33 Cr",1200 SQ.FT,₹ 1.16 Cr
423949_phase_2,IVY County Pristine Villa Plots,"Plot
1.16 Cr - 2.33 Cr",1500 SQ.FT,₹ 1.45 Cr
423949_phase_2,IVY County Pristine Villa Plots,"Plot
1.16 Cr - 2.33 Cr",1800 SQ.FT,₹ 1.75 Cr
423949_phase_2,IVY County Pristine Villa Plots,"Plot
1.16 Cr - 2.33 Cr",2400 SQ.FT,₹ 2.33 Cr
423949_phase_13,Brigade Tranquil At Brigade Cornerstone Utopia,"1 BHK Apartment
1.3 Cr",978 SQ.FT,₹ 1.3 Cr
423949_phase_13,Brigade Tranquil At Brigade Cornerstone Utopia,"1.5 BHK Apartment
1.47 Cr",1100 SQ.FT,₹ 1.47 Cr
423949_phase_13,Brigade Tranquil At Brigade Cornerstone Utopia,"2 BHK Apartment
1.67 Cr - 1.68 Cr",1256 SQ.FT,₹ 1.67 Cr
423949_phase_13,Brigade Tranquil At Brigade Cornerstone Utopia,"2 BHK Apartment
1.67 Cr - 1.68 Cr",1259 SQ.FT,₹ 1.68 Cr
423949_phase_13,Brigade Tranquil At Brigade Cornerstone Utopia,"2.5 BHK Apartment
2.01 Cr",1507 SQ.FT,₹ 2.01 Cr
423949_phase_13,Brigade Tranquil At Brigade Cornerstone Utopia,"3 BHK Apartment
1.85 Cr - 2.53 Cr",1389 SQ.FT,₹ 1.85 Cr
423949_phase_13,Brigade Tranquil At Brigade Cornerstone Utopia,"3 BHK Apartment
1.85 Cr - 2.53 Cr",1404 SQ.FT,₹ 1.87 Cr
423949_phase_13,Brigade Tranquil At Brigade Cornerstone Utopia,"3 BHK Apartment
1.85 Cr - 2.53 Cr",1667 SQ.FT,₹ 2.22 Cr
423949_phase_13,Brigade Tranquil At Brigade Cornerstone Utopia,"3 BHK Apartment
1.85 Cr - 2.53 Cr",1897 SQ.FT,₹ 2.53 Cr
423949_phase_16,Abhee Celestial City,"2 BHK Apartment
1.36 Cr",1345 SQ.FT,"₹ 1.36 Cr
i"
423949_phase_16,Abhee Celestial City,"3 BHK Apartment
1.6 Cr - 1.99 Cr",1595 SQ.FT,"₹ 1.6 Cr
i"
423949_phase_16,Abhee Celestial City,"3 BHK Apartment
1.6 Cr - 1.99 Cr",1680 SQ.FT,"₹ 1.68 Cr
i"
423949_phase_16,Abhee Celestial City,"3 BHK Apartment
1.6 Cr - 1.99 Cr",1685 SQ.FT,"₹ 1.69 Cr
i"
423949_phase_16,Abhee Celestial City,"3 BHK Apartment
1.6 Cr - 1.99 Cr",1895 SQ.FT,"₹ 1.9 Cr
i"
423949_phase_16,Abhee Celestial City,"3 BHK Apartment
1.6 Cr - 1.99 Cr",1950 SQ.FT,"₹ 1.95 Cr
i"
423949_phase_16,Abhee Celestial City,"3 BHK Apartment
1.6 Cr - 1.99 Cr",1990 SQ.FT,"₹ 1.99 Cr
i"
423949_phase_19,DSR The Courtyard,"2 BHK Apartment
97.59 L - 1.13 Cr",1113 SQ.FT,"₹ 97.59 L
i"
423949_phase_19,DSR The Courtyard,"2 BHK Apartment
97.59 L - 1.13 Cr",1168 SQ.FT,"₹ 1.02 Cr
i"
423949_phase_19,DSR The Courtyard,"2 BHK Apartment
97.59 L - 1.13 Cr",1172 SQ.FT,"₹ 1.03 Cr
i"
423949_phase_19,DSR The Courtyard,"2 BHK Apartment
97.59 L - 1.13 Cr",1186 SQ.FT,"₹ 1.04 Cr
i"
423949_phase_19,DSR The Courtyard,"2 BHK Apartment
97.59 L - 1.13 Cr",1225 SQ.FT,"₹ 1.07 Cr
i"
423949_phase_19,DSR The Courtyard,"2 BHK Apartment
97.59 L - 1.13 Cr",1234 SQ.FT,"₹ 1.08 Cr
i"
423949_phase_19,DSR The Courtyard,"2 BHK Apartment
97.59 L - 1.13 Cr",1289 SQ.FT,"₹ 1.13 Cr
i"
423949_phase_19,DSR The Courtyard,"2 BHK Apartment
97.59 L - 1.13 Cr",1298 SQ.FT,"₹ 1.13 Cr
i"
423949_phase_19,DSR The Courtyard,"3 BHK Apartment
1.42 Cr - 1.55 Cr",1546 SQ.FT,"₹ 1.42 Cr
i"
423949_phase_19,DSR The Courtyard,"3 BHK Apartment
1.42 Cr - 1.55 Cr",1549 SQ.FT,"₹ 1.42 Cr
i"
423949_phase_19,DSR The Courtyard,"3 BHK Apartment
1.42 Cr - 1.55 Cr",1608 SQ.FT,"₹ 1.48 Cr
i"
423949_phase_19,DSR The Courtyard,"3 BHK Apartment
1.42 Cr - 1.55 Cr",1611 SQ.FT,"₹ 1.48 Cr
i"
423949_phase_19,DSR The Courtyard,"3 BHK Apartment
1.42 Cr - 1.55 Cr",1680 SQ.FT,"₹ 1.54 Cr
i"
423949_phase_19,DSR The Courtyard,"3 BHK Apartment
1.42 Cr - 1.55 Cr",1686 SQ.FT,"₹ 1.55 Cr
i"
423949_phase_19,DSR The Courtyard,"3 BHK Apartment
1.42 Cr - 1.55 Cr",1687 SQ.FT,"₹ 1.55 Cr
i"
423949_phase_20,Myhna Orchid,2 BHK Apartment,1150 SQ.FT,₹ 1.0 Cr
423949_phase_20,Myhna Orchid,2 BHK Apartment,1160 SQ.FT,Price on Request
423949_phase_20,Myhna Orchid,2 BHK Apartment,1170 SQ.FT,Price on Request
423949_phase_20,Myhna Orchid,2 BHK Apartment,1205 SQ.FT,Price on Request
423949_phase_20,Myhna Orchid,2 BHK Apartment,1210 SQ.FT,Price on Request
423949_phase_20,Myhna Orchid,2 BHK Apartment,1225 SQ.FT,Price on Request
423949_phase_20,Myhna Orchid,2 BHK Apartment,1245 SQ.FT,Price on Request
423949_phase_20,Myhna Orchid,2 BHK Apartment,1260 SQ.FT,Price on Request
423949_phase_20,Myhna Orchid,2 BHK Apartment,1265 SQ.FT,Price on Request
423949_phase_20,Myhna Orchid,2 BHK Apartment,1275 SQ.FT,Price on Request
423949_phase_20,Myhna Orchid,2 BHK Apartment,1290 SQ.FT,₹ 1.08 Cr
423949_phase_20,Myhna Orchid,"2.5 BHK Apartment
1.17 Cr - 1.28 Cr",1420 SQ.FT,₹ 1.17 Cr
423949_phase_20,Myhna Orchid,"2.5 BHK Apartment
1.17 Cr - 1.28 Cr",1531 SQ.FT,₹ 1.28 Cr
423949_phase_20,Myhna Orchid,3 BHK Apartment,1475 SQ.FT,Price on Request
423949_phase_20,Myhna Orchid,3 BHK Apartment,1480 SQ.FT,Price on Request
423949_phase_20,Myhna Orchid,3 BHK Apartment,1490 SQ.FT,Price on Request
423949_phase_20,Myhna Orchid,3 BHK Apartment,1520 SQ.FT,Price on Request
423949_phase_20,Myhna Orchid,3 BHK Apartment,1530 SQ.FT,Price on Request
423949_phase_20,Myhna Orchid,3 BHK Apartment,1620 SQ.FT,₹ 1.35 Cr
423949_phase_20,Myhna Orchid,3 BHK Apartment,1625 SQ.FT,Price on Request
423949_phase_20,Myhna Orchid,3 BHK Apartment,1675 SQ.FT,Price on Request
423949_phase_20,Myhna Orchid,3 BHK Apartment,1720 SQ.FT,₹ 1.44 Cr
434535,Concorde Neo,"2 BHK Apartment
95 L - 1.49 Cr",717 SQ.FT,₹ 95.0 L
434535,Concorde Neo,"2 BHK Apartment
95 L - 1.49 Cr",727 SQ.FT,₹ 96.33 L
434535,Concorde Neo,"2 BHK Apartment
95 L - 1.49 Cr",728 SQ.FT,₹ 96.43 L
434535,Concorde Neo,"2 BHK Apartment
95 L - 1.49 Cr",732 SQ.FT,₹ 97.02 L
434535,Concorde Neo,"2 BHK Apartment
95 L - 1.49 Cr",733 SQ.FT,₹ 97.09 L
434535,Concorde Neo,"2 BHK Apartment
95 L - 1.49 Cr",734 SQ.FT,₹ 97.2 L
434535,Concorde Neo,"2 BHK Apartment
95 L - 1.49 Cr",776 SQ.FT,₹ 1.03 Cr
434535,Concorde Neo,"2 BHK Apartment
95 L - 1.49 Cr",784 SQ.FT,₹ 1.04 Cr
434535,Concorde Neo,"2 BHK Apartment
95 L - 1.49 Cr",808 SQ.FT,₹ 1.07 Cr
434535,Concorde Neo,"2 BHK Apartment
95 L - 1.49 Cr",818 SQ.FT,₹ 1.08 Cr
434535,Concorde Neo,"2 BHK Apartment
95 L - 1.49 Cr",1125 SQ.FT,₹ 1.49 Cr
434535,Concorde Neo,"3 BHK Apartment
1.3 Cr - 1.36 Cr",978 SQ.FT,₹ 1.3 Cr
434535,Concorde Neo,"3 BHK Apartment
1.3 Cr - 1.36 Cr",979 SQ.FT,₹ 1.3 Cr
434535,Concorde Neo,"3 BHK Apartment
1.3 Cr - 1.36 Cr",983 SQ.FT,₹ 1.3 Cr
434535,Concorde Neo,"3 BHK Apartment
1.3 Cr - 1.36 Cr",984 SQ.FT,₹ 1.3 Cr
434535,Concorde Neo,"3 BHK Apartment
1.3 Cr - 1.36 Cr",1017 SQ.FT,₹ 1.35 Cr
434535,Concorde Neo,"3 BHK Apartment
1.3 Cr - 1.36 Cr",1024 SQ.FT,₹ 1.36 Cr
419935,Hiranandani Vista Residences,"2 BHK Apartment
2.55 Cr - 2.99 Cr",766 SQ.FT,₹ 2.55 Cr
419935,Hiranandani Vista Residences,"2 BHK Apartment
2.55 Cr - 2.99 Cr",775 SQ.FT,₹ 2.58 Cr
419935,Hiranandani Vista Residences,"2 BHK Apartment
2.55 Cr - 2.99 Cr",802 SQ.FT,₹ 2.66 Cr
419935,Hiranandani Vista Residences,"2 BHK Apartment
2.55 Cr - 2.99 Cr",806 SQ.FT,₹ 2.68 Cr
419935,Hiranandani Vista Residences,"2 BHK Apartment
2.55 Cr - 2.99 Cr",888 SQ.FT,₹ 2.95 Cr
419935,Hiranandani Vista Residences,"2 BHK Apartment
2.55 Cr - 2.99 Cr",900 SQ.FT,₹ 2.99 Cr
419935,Hiranandani Vista Residences,"3 BHK Apartment
4.6 Cr",1111 SQ.FT,₹ 4.6 Cr
419935_phase_1,ID Vista Residences Wing C Tower 2,"2 BHK Apartment
2.55 Cr - 2.99 Cr",766 SQ.FT,₹ 2.55 Cr
419935_phase_1,ID Vista Residences Wing C Tower 2,"2 BHK Apartment
2.55 Cr - 2.99 Cr",775 SQ.FT,₹ 2.58 Cr
419935_phase_1,ID Vista Residences Wing C Tower 2,"2 BHK Apartment
2.55 Cr - 2.99 Cr",802 SQ.FT,₹ 2.66 Cr
419935_phase_1,ID Vista Residences Wing C Tower 2,"2 BHK Apartment
2.55 Cr - 2.99 Cr",806 SQ.FT,₹ 2.68 Cr
419935_phase_1,ID Vista Residences Wing C Tower 2,"2 BHK Apartment
2.55 Cr - 2.99 Cr",888 SQ.FT,₹ 2.95 Cr
419935_phase_1,ID Vista Residences Wing C Tower 2,"2 BHK Apartment
2.55 Cr - 2.99 Cr",900 SQ.FT,₹ 2.99 Cr
419935_phase_1,ID Vista Residences Wing C Tower 2,"3 BHK Apartment
4.6 Cr",1111 SQ.FT,₹ 4.6 Cr
403366,DS Max Samyak,"2 BHK Apartment
45.24 L - 70.35 L",780 SQ.FT,₹ 45.24 L
403366,DS Max Samyak,"2 BHK Apartment
45.24 L - 70.35 L",823 SQ.FT,₹ 47.73 L
403366,DS Max Samyak,"2 BHK Apartment
45.24 L - 70.35 L",853 SQ.FT,₹ 49.47 L
403366,DS Max Samyak,"2 BHK Apartment
45.24 L - 70.35 L",1031 SQ.FT,₹ 59.82 L
403366,DS Max Samyak,"2 BHK Apartment
45.24 L - 70.35 L",738 SQ.FT,₹ 62.06 L
403366,DS Max Samyak,"2 BHK Apartment
45.24 L - 70.35 L",761 SQ.FT,₹ 63.98 L
403366,DS Max Samyak,"2 BHK Apartment
45.24 L - 70.35 L",816 SQ.FT,₹ 68.55 L
403366,DS Max Samyak,"2 BHK Apartment
45.24 L - 70.35 L",837 SQ.FT,₹ 70.35 L
403366,DS Max Samyak,"3 BHK Apartment
54.23 L - 90.6 L",935 SQ.FT,₹ 54.23 L
403366,DS Max Samyak,"3 BHK Apartment
54.23 L - 90.6 L",970 SQ.FT,₹ 56.26 L
403366,DS Max Samyak,"3 BHK Apartment
54.23 L - 90.6 L",982 SQ.FT,₹ 56.96 L
403366,DS Max Samyak,"3 BHK Apartment
54.23 L - 90.6 L",983 SQ.FT,₹ 57.01 L
403366,DS Max Samyak,"3 BHK Apartment
54.23 L - 90.6 L",990 SQ.FT,₹ 57.42 L
403366,DS Max Samyak,"3 BHK Apartment
54.23 L - 90.6 L",1047 SQ.FT,₹ 60.73 L
403366,DS Max Samyak,"3 BHK Apartment
54.23 L - 90.6 L",1049 SQ.FT,₹ 60.84 L
403366,DS Max Samyak,"3 BHK Apartment
54.23 L - 90.6 L",1263 SQ.FT,₹ 73.25 L
403366,DS Max Samyak,"3 BHK Apartment
54.23 L - 90.6 L",943 SQ.FT,₹ 79.29 L
403366,DS Max Samyak,"3 BHK Apartment
54.23 L - 90.6 L",998 SQ.FT,₹ 83.87 L
403366,DS Max Samyak,"3 BHK Apartment
54.23 L - 90.6 L",1030 SQ.FT,₹ 86.59 L
403366,DS Max Samyak,"3 BHK Apartment
54.23 L - 90.6 L",1078 SQ.FT,₹ 90.6 L
403366,DS Max Samyak,"4 BHK Apartment
69.08 L - 79.87 L",1191 SQ.FT,₹ 69.08 L
403366,DS Max Samyak,"4 BHK Apartment
69.08 L - 79.87 L",1377 SQ.FT,₹ 79.87 L
61839,Mahidhara Fortune City,"Plot
59.98 L - 99.98 L",1200 SQ.FT,"₹ 59.98 L
i"
61839,Mahidhara Fortune City,"Plot
59.98 L - 99.98 L",1500 SQ.FT,"₹ 74.98 L
i"
61839,Mahidhara Fortune City,"Plot
59.98 L - 99.98 L",2000 SQ.FT,"₹ 99.98 L
i"
61839_phase_1,Bhavisha Meadows Phase 2,"2 BHK Apartment
57.77 L",933 SQ.FT,"₹ 57.77 L
i"
61839_phase_1,Bhavisha Meadows Phase 2,"3 BHK Apartment
72.95 L - 76.22 L",1211 SQ.FT,"₹ 72.95 L
i"
61839_phase_1,Bhavisha Meadows Phase 2,"3 BHK Apartment
72.95 L - 76.22 L",1247 SQ.FT,"₹ 74.91 L
i"
61839_phase_1,Bhavisha Meadows Phase 2,"3 BHK Apartment
72.95 L - 76.22 L",1266 SQ.FT,"₹ 75.95 L
i"
61839_phase_1,Bhavisha Meadows Phase 2,"3 BHK Apartment
72.95 L - 76.22 L",1271 SQ.FT,"₹ 76.22 L
i"
61839_phase_3,Sobha Madison Heights Townpark Phase 1 W5 To 7,"1 BHK Apartment
83.67 L",753 SQ.FT,₹ 83.67 L
61839_phase_3,Sobha Madison Heights Townpark Phase 1 W5 To 7,"2 BHK Apartment
1.47 Cr - 1.6 Cr",1240 SQ.FT,₹ 1.47 Cr
61839_phase_3,Sobha Madison Heights Townpark Phase 1 W5 To 7,"2 BHK Apartment
1.47 Cr - 1.6 Cr",1339 SQ.FT,₹ 1.59 Cr
61839_phase_3,Sobha Madison Heights Townpark Phase 1 W5 To 7,"2 BHK Apartment
1.47 Cr - 1.6 Cr",1347 SQ.FT,₹ 1.6 Cr
61839_phase_3,Sobha Madison Heights Townpark Phase 1 W5 To 7,"3 BHK Apartment
1.8 Cr - 2.2 Cr",1514 SQ.FT,₹ 1.8 Cr
61839_phase_3,Sobha Madison Heights Townpark Phase 1 W5 To 7,"3 BHK Apartment
1.8 Cr - 2.2 Cr",1842 SQ.FT,₹ 2.19 Cr
61839_phase_3,Sobha Madison Heights Townpark Phase 1 W5 To 7,"3 BHK Apartment
1.8 Cr - 2.2 Cr",1847 SQ.FT,₹ 2.2 Cr
426518,DSR The Courtyard,"2 BHK Apartment
97.59 L - 1.13 Cr",1113 SQ.FT,"₹ 97.59 L
i"
426518,DSR The Courtyard,"2 BHK Apartment
97.59 L - 1.13 Cr",1168 SQ.FT,"₹ 1.02 Cr
i"
426518,DSR The Courtyard,"2 BHK Apartment
97.59 L - 1.13 Cr",1172 SQ.FT,"₹ 1.03 Cr
i"
426518,DSR The Courtyard,"2 BHK Apartment
97.59 L - 1.13 Cr",1186 SQ.FT,"₹ 1.04 Cr
i"
426518,DSR The Courtyard,"2 BHK Apartment
97.59 L - 1.13 Cr",1225 SQ.FT,"₹ 1.07 Cr
i"
426518,DSR The Courtyard,"2 BHK Apartment
97.59 L - 1.13 Cr",1234 SQ.FT,"₹ 1.08 Cr
i"
426518,DSR The Courtyard,"2 BHK Apartment
97.59 L - 1.13 Cr",1289 SQ.FT,"₹ 1.13 Cr
i"
426518,DSR The Courtyard,"2 BHK Apartment
97.59 L - 1.13 Cr",1298 SQ.FT,"₹ 1.13 Cr
i"
426518,DSR The Courtyard,"3 BHK Apartment
1.42 Cr - 1.55 Cr",1546 SQ.FT,"₹ 1.42 Cr
i"
426518,DSR The Courtyard,"3 BHK Apartment
1.42 Cr - 1.55 Cr",1549 SQ.FT,"₹ 1.42 Cr
i"
426518,DSR The Courtyard,"3 BHK Apartment
1.42 Cr - 1.55 Cr",1608 SQ.FT,"₹ 1.48 Cr
i"
426518,DSR The Courtyard,"3 BHK Apartment
1.42 Cr - 1.55 Cr",1611 SQ.FT,"₹ 1.48 Cr
i"
426518,DSR The Courtyard,"3 BHK Apartment
1.42 Cr - 1.55 Cr",1680 SQ.FT,"₹ 1.54 Cr
i"
426518,DSR The Courtyard,"3 BHK Apartment
1.42 Cr - 1.55 Cr",1686 SQ.FT,"₹ 1.55 Cr
i"
426518,DSR The Courtyard,"3 BHK Apartment
1.42 Cr - 1.55 Cr",1687 SQ.FT,"₹ 1.55 Cr
i"
426518_phase_1,DSR Green Waters,"2 BHK Apartment
77.65 L - 95.36 L",1004 SQ.FT,₹ 77.65 L
426518_phase_1,DSR Green Waters,"2 BHK Apartment
77.65 L - 95.36 L",1095 SQ.FT,₹ 84.69 L
426518_phase_1,DSR Green Waters,"2 BHK Apartment
77.65 L - 95.36 L",1232 SQ.FT,₹ 95.28 L
426518_phase_1,DSR Green Waters,"2 BHK Apartment
77.65 L - 95.36 L",1233 SQ.FT,₹ 95.36 L
426518_phase_1,DSR Green Waters,"2.5 BHK Apartment
93.5 L - 95.51 L",1209 SQ.FT,₹ 93.5 L
426518_phase_1,DSR Green Waters,"2.5 BHK Apartment
93.5 L - 95.51 L",1235 SQ.FT,₹ 95.51 L
426518_phase_1,DSR Green Waters,"3 BHK Apartment
96.06 L - 1.17 Cr",1242 SQ.FT,₹ 96.06 L
426518_phase_1,DSR Green Waters,"3 BHK Apartment
96.06 L - 1.17 Cr",1269 SQ.FT,₹ 98.14 L
426518_phase_1,DSR Green Waters,"3 BHK Apartment
96.06 L - 1.17 Cr",1468 SQ.FT,₹ 1.14 Cr
426518_phase_1,DSR Green Waters,"3 BHK Apartment
96.06 L - 1.17 Cr",1510 SQ.FT,₹ 1.17 Cr
423236,Prestige Somerville,"2 BHK Apartment
1.8 Cr - 2.32 Cr",1203 SQ.FT,₹ 1.8 Cr
423236,Prestige Somerville,"2 BHK Apartment
1.8 Cr - 2.32 Cr",1411 SQ.FT,₹ 2.12 Cr
423236,Prestige Somerville,"2 BHK Apartment
1.8 Cr - 2.32 Cr",1415 SQ.FT,₹ 2.12 Cr
423236,Prestige Somerville,"2 BHK Apartment
1.8 Cr - 2.32 Cr",1481 SQ.FT,₹ 2.22 Cr
423236,Prestige Somerville,"2 BHK Apartment
1.8 Cr - 2.32 Cr",1547 SQ.FT,₹ 2.32 Cr
423236,Prestige Somerville,"3 BHK Apartment
2.65 Cr - 3.44 Cr",1773 SQ.FT,₹ 2.65 Cr
423236,Prestige Somerville,"3 BHK Apartment
2.65 Cr - 3.44 Cr",1788 SQ.FT,₹ 2.68 Cr
423236,Prestige Somerville,"3 BHK Apartment
2.65 Cr - 3.44 Cr",1789 SQ.FT,₹ 2.68 Cr
423236,Prestige Somerville,"3 BHK Apartment
2.65 Cr - 3.44 Cr",1818 SQ.FT,₹ 2.72 Cr
423236,Prestige Somerville,"3 BHK Apartment
2.65 Cr - 3.44 Cr",2295 SQ.FT,₹ 3.44 Cr
423236,Prestige Somerville,"3.5 BHK Apartment
2.94 Cr - 4.08 Cr",1962 SQ.FT,₹ 2.94 Cr
423236,Prestige Somerville,"3.5 BHK Apartment
2.94 Cr - 4.08 Cr",2724 SQ.FT,₹ 4.08 Cr
423236,Prestige Somerville,"4 BHK Apartment
3.92 Cr - 5.3 Cr",2616 SQ.FT,₹ 3.92 Cr
423236,Prestige Somerville,"4 BHK Apartment
3.92 Cr - 5.3 Cr",3543 SQ.FT,₹ 5.3 Cr
423236_phase_4,Prestige Finsbury Park Regent,"3 BHK Apartment
79.76 L - 1.34 Cr",851 SQ.FT,₹ 79.76 L
423236_phase_4,Prestige Finsbury Park Regent,"3 BHK Apartment
79.76 L - 1.34 Cr",853 SQ.FT,₹ 79.94 L
423236_phase_4,Prestige Finsbury Park Regent,"3 BHK Apartment
79.76 L - 1.34 Cr",878 SQ.FT,₹ 82.29 L
423236_phase_4,Prestige Finsbury Park Regent,"3 BHK Apartment
79.76 L - 1.34 Cr",1002 SQ.FT,₹ 93.91 L
423236_phase_4,Prestige Finsbury Park Regent,"3 BHK Apartment
79.76 L - 1.34 Cr",1021 SQ.FT,₹ 95.69 L
423236_phase_4,Prestige Finsbury Park Regent,"3 BHK Apartment
79.76 L - 1.34 Cr",1045 SQ.FT,₹ 97.94 L
423236_phase_4,Prestige Finsbury Park Regent,"3 BHK Apartment
79.76 L - 1.34 Cr",1064 SQ.FT,₹ 99.72 L
423236_phase_4,Prestige Finsbury Park Regent,"3 BHK Apartment
79.76 L - 1.34 Cr",1075 SQ.FT,₹ 1.01 Cr
423236_phase_4,Prestige Finsbury Park Regent,"3 BHK Apartment
79.76 L - 1.34 Cr",1224 SQ.FT,₹ 1.15 Cr
423236_phase_4,Prestige Finsbury Park Regent,"3 BHK Apartment
79.76 L - 1.34 Cr",1431 SQ.FT,₹ 1.34 Cr
396799,Keya Around The Life,4 BHK Apartment,2371 SQ.FT,Price on Request
396799,Keya Around The Life,4 BHK Apartment,2394 SQ.FT,₹ 2.39 Cr
396799,Keya Around The Life,4 BHK Apartment,2404 SQ.FT,₹ 2.4 Cr
396799,Keya Around The Life,4 BHK Apartment,2428 SQ.FT,Price on Request
396799_phase_1,Keya The Green Terraces,"1 BHK Apartment
66 L - 73 L",660 SQ.FT,₹ 66.0 L
396799_phase_1,Keya The Green Terraces,"1 BHK Apartment
66 L - 73 L",670 SQ.FT,₹ 67.0 L
396799_phase_1,Keya The Green Terraces,"1 BHK Apartment
66 L - 73 L",715 SQ.FT,₹ 71.5 L
396799_phase_1,Keya The Green Terraces,"1 BHK Apartment
66 L - 73 L",730 SQ.FT,₹ 73.0 L
396799_phase_1,Keya The Green Terraces,"2 BHK Apartment
91 L - 1.14 Cr",910 SQ.FT,₹ 91.0 L
396799_phase_1,Keya The Green Terraces,"2 BHK Apartment
91 L - 1.14 Cr",935 SQ.FT,₹ 93.5 L
396799_phase_1,Keya The Green Terraces,"2 BHK Apartment
91 L - 1.14 Cr",965 SQ.FT,₹ 96.5 L
396799_phase_1,Keya The Green Terraces,"2 BHK Apartment
91 L - 1.14 Cr",990 SQ.FT,₹ 99.0 L
396799_phase_1,Keya The Green Terraces,"2 BHK Apartment
91 L - 1.14 Cr",1065 SQ.FT,₹ 1.07 Cr
396799_phase_1,Keya The Green Terraces,"2 BHK Apartment
91 L - 1.14 Cr",1080 SQ.FT,₹ 1.08 Cr
396799_phase_1,Keya The Green Terraces,"2 BHK Apartment
91 L - 1.14 Cr",1120 SQ.FT,₹ 1.12 Cr
396799_phase_1,Keya The Green Terraces,"2 BHK Apartment
91 L - 1.14 Cr",1140 SQ.FT,₹ 1.14 Cr
396799_phase_1,Keya The Green Terraces,"3 BHK Apartment
1.43 Cr - 1.5 Cr",1430 SQ.FT,₹ 1.43 Cr
396799_phase_1,Keya The Green Terraces,"3 BHK Apartment
1.43 Cr - 1.5 Cr",1440 SQ.FT,₹ 1.44 Cr
396799_phase_1,Keya The Green Terraces,"3 BHK Apartment
1.43 Cr - 1.5 Cr",1495 SQ.FT,₹ 1.5 Cr
396799_phase_1,Keya The Green Terraces,"3 BHK Apartment
1.43 Cr - 1.5 Cr",1500 SQ.FT,₹ 1.5 Cr
426786,Casagrand Casablanca,"2 BHK Apartment
90 L - 1.16 Cr",1266 SQ.FT,"₹ 90.0 L
i"
426786,Casagrand Casablanca,"2 BHK Apartment
90 L - 1.16 Cr",1639 SQ.FT,"₹ 1.16 Cr
i"
426786,Casagrand Casablanca,"3 BHK Apartment
1.36 Cr",1982 SQ.FT,"₹ 1.36 Cr
i"
426786,Casagrand Casablanca,"4 BHK Apartment
2.26 Cr",3039 SQ.FT,"₹ 2.26 Cr
i"
426786,Casagrand Casablanca,"5 BHK Apartment
3.13 Cr",3987 SQ.FT,"₹ 3.13 Cr
i"
426786,Casagrand Casablanca,"5 BHK Penthouse
3.37 Cr - 3.43 Cr",3800 SQ.FT,"₹ 3.37 Cr
i"
426786,Casagrand Casablanca,"5 BHK Penthouse
3.37 Cr - 3.43 Cr",3884 SQ.FT,"₹ 3.43 Cr
i"
412178,Platinum East Woods,"2 BHK Apartment
97.74 L - 1.27 Cr",1051 SQ.FT,₹ 97.74 L
412178,Platinum East Woods,"2 BHK Apartment
97.74 L - 1.27 Cr",1216 SQ.FT,₹ 1.13 Cr
412178,Platinum East Woods,"2 BHK Apartment
97.74 L - 1.27 Cr",1217 SQ.FT,₹ 1.13 Cr
412178,Platinum East Woods,"2 BHK Apartment
97.74 L - 1.27 Cr",1221 SQ.FT,₹ 1.14 Cr
412178,Platinum East Woods,"2 BHK Apartment
97.74 L - 1.27 Cr",1299 SQ.FT,₹ 1.21 Cr
412178,Platinum East Woods,"2 BHK Apartment
97.74 L - 1.27 Cr",1364 SQ.FT,₹ 1.27 Cr
412178,Platinum East Woods,3 BHK Apartment,1422 SQ.FT,₹ 1.32 Cr
412178,Platinum East Woods,3 BHK Apartment,1435 SQ.FT,₹ 1.33 Cr
412178,Platinum East Woods,3 BHK Apartment,1436 SQ.FT,Price on Request
412178,Platinum East Woods,3 BHK Apartment,1442 SQ.FT,₹ 1.34 Cr
412178,Platinum East Woods,3 BHK Apartment,1455 SQ.FT,₹ 1.35 Cr
412178,Platinum East Woods,3 BHK Apartment,1621 SQ.FT,₹ 1.51 Cr
412178,Platinum East Woods,3 BHK Apartment,1731 SQ.FT,₹ 1.61 Cr
412178,Platinum East Woods,3 BHK Apartment,1883 SQ.FT,₹ 1.75 Cr
412178,Platinum East Woods,3 BHK Apartment,2175 SQ.FT,₹ 2.02 Cr
412178,Platinum East Woods,"4 BHK Apartment
2.07 Cr - 2.4 Cr",2230 SQ.FT,₹ 2.07 Cr
412178,Platinum East Woods,"4 BHK Apartment
2.07 Cr - 2.4 Cr",2578 SQ.FT,₹ 2.4 Cr
422149,SNN Estates Felicity,1 BHK Apartment,450 SQ.FT,Price on Request
422149,SNN Estates Felicity,1 BHK Apartment,457 SQ.FT,Price on Request
422149,SNN Estates Felicity,1 BHK Apartment,458 SQ.FT,Price on Request
422149,SNN Estates Felicity,1 BHK Apartment,700 SQ.FT,₹ 89.83 L
422149,SNN Estates Felicity,1 BHK Apartment,715 SQ.FT,₹ 91.76 L
422149,SNN Estates Felicity,2 BHK Apartment,640 SQ.FT,Price on Request
422149,SNN Estates Felicity,2 BHK Apartment,643 SQ.FT,Price on Request
422149,SNN Estates Felicity,2 BHK Apartment,648 SQ.FT,Price on Request
422149,SNN Estates Felicity,2 BHK Apartment,648 SQ.FT,Price on Request
422149,SNN Estates Felicity,2 BHK Apartment,649 SQ.FT,Price on Request
422149,SNN Estates Felicity,2 BHK Apartment,649 SQ.FT,Price on Request
422149,SNN Estates Felicity,2 BHK Apartment,678 SQ.FT,Price on Request
422149,SNN Estates Felicity,2 BHK Apartment,678 SQ.FT,Price on Request
422149,SNN Estates Felicity,2 BHK Apartment,686 SQ.FT,Price on Request
422149,SNN Estates Felicity,2 BHK Apartment,769 SQ.FT,Price on Request
422149,SNN Estates Felicity,2 BHK Apartment,1055 SQ.FT,₹ 1.35 Cr
422149,SNN Estates Felicity,2 BHK Apartment,1060 SQ.FT,₹ 1.36 Cr
422149,SNN Estates Felicity,2 BHK Apartment,1085 SQ.FT,₹ 1.39 Cr
422149,SNN Estates Felicity,2 BHK Apartment,1090 SQ.FT,₹ 1.4 Cr
422149,SNN Estates Felicity,2 BHK Apartment,1120 SQ.FT,₹ 1.44 Cr
422149,SNN Estates Felicity,2 BHK Apartment,1215 SQ.FT,₹ 1.56 Cr
422149,SNN Estates Felicity,3 BHK Apartment,856 SQ.FT,Price on Request
422149,SNN Estates Felicity,3 BHK Apartment,887 SQ.FT,Price on Request
422149,SNN Estates Felicity,3 BHK Apartment,887 SQ.FT,Price on Request
422149,SNN Estates Felicity,3 BHK Apartment,1003 SQ.FT,Price on Request
422149,SNN Estates Felicity,3 BHK Apartment,1003 SQ.FT,Price on Request
422149,SNN Estates Felicity,3 BHK Apartment,1007 SQ.FT,Price on Request
422149,SNN Estates Felicity,3 BHK Apartment,1007 SQ.FT,Price on Request
422149,SNN Estates Felicity,3 BHK Apartment,1046 SQ.FT,Price on Request
422149,SNN Estates Felicity,3 BHK Apartment,1046 SQ.FT,Price on Request
422149,SNN Estates Felicity,3 BHK Apartment,1072 SQ.FT,Price on Request
422149,SNN Estates Felicity,3 BHK Apartment,1345 SQ.FT,₹ 1.73 Cr
422149,SNN Estates Felicity,3 BHK Apartment,1380 SQ.FT,₹ 1.77 Cr
422149,SNN Estates Felicity,3 BHK Apartment,1615 SQ.FT,₹ 2.07 Cr
422149,SNN Estates Felicity,3 BHK Apartment,1620 SQ.FT,₹ 2.08 Cr
422149,SNN Estates Felicity,3 BHK Apartment,1695 SQ.FT,₹ 2.18 Cr
422149,SNN Estates Felicity,3 BHK Apartment,1725 SQ.FT,₹ 2.21 Cr
422149,SNN Estates Felicity,4 BHK Apartment,1149 SQ.FT,Price on Request
422149,SNN Estates Felicity,4 BHK Apartment,1179 SQ.FT,Price on Request
422149,SNN Estates Felicity,4 BHK Apartment,1179 SQ.FT,Price on Request
422149,SNN Estates Felicity,4 BHK Apartment,1221 SQ.FT,Price on Request
422149,SNN Estates Felicity,4 BHK Apartment,1221 SQ.FT,Price on Request
422149,SNN Estates Felicity,4 BHK Apartment,1359 SQ.FT,Price on Request
422149,SNN Estates Felicity,4 BHK Apartment,1407 SQ.FT,Price on Request
422149,SNN Estates Felicity,4 BHK Apartment,1407 SQ.FT,Price on Request
422149,SNN Estates Felicity,4 BHK Apartment,1890 SQ.FT,₹ 2.43 Cr
422149,SNN Estates Felicity,4 BHK Apartment,1950 SQ.FT,₹ 2.5 Cr
422149,SNN Estates Felicity,4 BHK Apartment,1995 SQ.FT,₹ 2.56 Cr
422149,SNN Estates Felicity,4 BHK Apartment,2200 SQ.FT,₹ 2.82 Cr
422149,SNN Estates Felicity,4 BHK Apartment,2300 SQ.FT,₹ 2.95 Cr
420666,Sumadhura Folium Phase lll,"1 BHK Apartment
39.32 L",187 SQ.FT,₹ 39.32 L
420666,Sumadhura Folium Phase lll,"3 BHK Apartment
2.05 Cr - 2.91 Cr",975 SQ.FT,₹ 2.05 Cr
420666,Sumadhura Folium Phase lll,"3 BHK Apartment
2.05 Cr - 2.91 Cr",995 SQ.FT,₹ 2.09 Cr
420666,Sumadhura Folium Phase lll,"3 BHK Apartment
2.05 Cr - 2.91 Cr",1049 SQ.FT,₹ 2.21 Cr
420666,Sumadhura Folium Phase lll,"3 BHK Apartment
2.05 Cr - 2.91 Cr",1057 SQ.FT,₹ 2.22 Cr
420666,Sumadhura Folium Phase lll,"3 BHK Apartment
2.05 Cr - 2.91 Cr",1072 SQ.FT,₹ 2.25 Cr
420666,Sumadhura Folium Phase lll,"3 BHK Apartment
2.05 Cr - 2.91 Cr",1074 SQ.FT,₹ 2.26 Cr
420666,Sumadhura Folium Phase lll,"3 BHK Apartment
2.05 Cr - 2.91 Cr",1079 SQ.FT,₹ 2.27 Cr
420666,Sumadhura Folium Phase lll,"3 BHK Apartment
2.05 Cr - 2.91 Cr",1365 SQ.FT,₹ 2.87 Cr
420666,Sumadhura Folium Phase lll,"3 BHK Apartment
2.05 Cr - 2.91 Cr",1384 SQ.FT,₹ 2.91 Cr
420666,Sumadhura Folium Phase lll,"4 BHK Apartment
2.47 Cr - 3.46 Cr",1173 SQ.FT,₹ 2.47 Cr
420666,Sumadhura Folium Phase lll,"4 BHK Apartment
2.47 Cr - 3.46 Cr",1175 SQ.FT,₹ 2.47 Cr
420666,Sumadhura Folium Phase lll,"4 BHK Apartment
2.47 Cr - 3.46 Cr",1192 SQ.FT,₹ 2.51 Cr
420666,Sumadhura Folium Phase lll,"4 BHK Apartment
2.47 Cr - 3.46 Cr",1195 SQ.FT,₹ 2.51 Cr
420666,Sumadhura Folium Phase lll,"4 BHK Apartment
2.47 Cr - 3.46 Cr",1512 SQ.FT,₹ 3.18 Cr
420666,Sumadhura Folium Phase lll,"4 BHK Apartment
2.47 Cr - 3.46 Cr",1574 SQ.FT,₹ 3.31 Cr
420666,Sumadhura Folium Phase lll,"4 BHK Apartment
2.47 Cr - 3.46 Cr",1594 SQ.FT,₹ 3.35 Cr
420666,Sumadhura Folium Phase lll,"4 BHK Apartment
2.47 Cr - 3.46 Cr",1625 SQ.FT,₹ 3.42 Cr
420666,Sumadhura Folium Phase lll,"4 BHK Apartment
2.47 Cr - 3.46 Cr",1645 SQ.FT,₹ 3.46 Cr
421123,Sri Garudadri Gardens,2 BHK Apartment,1000 SQ.FT,Price on Request
421123,Sri Garudadri Gardens,2 BHK Apartment,1070 SQ.FT,₹ 98.92 L
421123,Sri Garudadri Gardens,2 BHK Apartment,1095 SQ.FT,₹ 1.01 Cr
421123,Sri Garudadri Gardens,2 BHK Apartment,1110 SQ.FT,Price on Request
421123,Sri Garudadri Gardens,2 BHK Apartment,1120 SQ.FT,₹ 1.04 Cr
421123,Sri Garudadri Gardens,2 BHK Apartment,1135 SQ.FT,₹ 1.05 Cr
421123,Sri Garudadri Gardens,2 BHK Apartment,1155 SQ.FT,Price on Request
421123,Sri Garudadri Gardens,2 BHK Apartment,1170 SQ.FT,₹ 1.08 Cr
421123,Sri Garudadri Gardens,2 BHK Apartment,1190 SQ.FT,₹ 1.1 Cr
421123,Sri Garudadri Gardens,3 BHK Apartment,1260 SQ.FT,Price on Request
421123,Sri Garudadri Gardens,3 BHK Apartment,1300 SQ.FT,₹ 1.2 Cr
421123,Sri Garudadri Gardens,3 BHK Apartment,1440 SQ.FT,₹ 1.33 Cr
421123,Sri Garudadri Gardens,3 BHK Apartment,1460 SQ.FT,₹ 1.35 Cr
421123,Sri Garudadri Gardens,3 BHK Apartment,1465 SQ.FT,₹ 1.35 Cr
421123,Sri Garudadri Gardens,3 BHK Apartment,1480 SQ.FT,₹ 1.37 Cr
421123,Sri Garudadri Gardens,3 BHK Apartment,1500 SQ.FT,₹ 1.39 Cr
421123_phase_1,Satvat Yuva Dwee,"3 BHK Apartment
1.45 Cr - 1.55 Cr",1930 SQ.FT,₹ 1.45 Cr
421123_phase_1,Satvat Yuva Dwee,"3 BHK Apartment
1.45 Cr - 1.55 Cr",2070 SQ.FT,₹ 1.55 Cr
437293,Urbanest Eastfield,"3 BHK Apartment
1.39 Cr - 1.5 Cr",1744 SQ.FT,"₹ 1.39 Cr
i"
437293,Urbanest Eastfield,"3 BHK Apartment
1.39 Cr - 1.5 Cr",1746 SQ.FT,"₹ 1.39 Cr
i"
437293,Urbanest Eastfield,"3 BHK Apartment
1.39 Cr - 1.5 Cr",1766 SQ.FT,"₹ 1.41 Cr
i"
437293,Urbanest Eastfield,"3 BHK Apartment
1.39 Cr - 1.5 Cr",1852 SQ.FT,"₹ 1.47 Cr
i"
437293,Urbanest Eastfield,"3 BHK Apartment
1.39 Cr - 1.5 Cr",1886 SQ.FT,"₹ 1.5 Cr
i"
400981_child_1,Ashford Regal Cross Town,"1 BHK Apartment
99 L - 1.11 Cr",400 SQ.FT,₹ 99 L
400981_child_1,Ashford Regal Cross Town,"1 BHK Apartment
99 L - 1.11 Cr",401 SQ.FT,₹ 99.25 L
400981_child_1,Ashford Regal Cross Town,"1 BHK Apartment
99 L - 1.11 Cr",447 SQ.FT,₹ 1.11 Cr
400981_child_1,Ashford Regal Cross Town,"2 BHK Apartment
1.49 Cr - 1.61 Cr",602 SQ.FT,₹ 1.49 Cr
400981_child_1,Ashford Regal Cross Town,"2 BHK Apartment
1.49 Cr - 1.61 Cr",600 SQ.FT,₹ 1.49 Cr
400981_child_1,Ashford Regal Cross Town,"2 BHK Apartment
1.49 Cr - 1.61 Cr",650 SQ.FT,₹ 1.61 Cr
400981_child_1,Ashford Regal Cross Town,"3 BHK Apartment
2.48 Cr - 2.71 Cr",1002 SQ.FT,₹ 2.48 Cr
400981_child_1,Ashford Regal Cross Town,"3 BHK Apartment
2.48 Cr - 2.71 Cr",1096 SQ.FT,₹ 2.71 Cr
422453,ASSETZ 66 & SHIBUI,"3 BHK Apartment
3.25 Cr",2154 SQ.FT,"₹ 3.25 Cr
i"
422453,ASSETZ 66 & SHIBUI,"4 BHK Apartment
4.28 Cr",3044 SQ.FT,"₹ 4.28 Cr
i"
385201,Ajmera Manhattan,"2 BHK Apartment
3 Cr",750 SQ.FT,₹ 3.0 Cr
385201,Ajmera Manhattan,"3 BHK Apartment
3.8 Cr - 4.97 Cr",977 SQ.FT,₹ 3.8 Cr
385201,Ajmera Manhattan,"3 BHK Apartment
3.8 Cr - 4.97 Cr",1023 SQ.FT,₹ 4.0 Cr
385201,Ajmera Manhattan,"3 BHK Apartment
3.8 Cr - 4.97 Cr",1122 SQ.FT,₹ 4.25 Cr
385201,Ajmera Manhattan,"3 BHK Apartment
3.8 Cr - 4.97 Cr",1197 SQ.FT,₹ 4.97 Cr
376145,The Poem,"2 BHK Apartment
77.07 L - 81 L",668 SQ.FT,₹ 77.07 L
376145,The Poem,"2 BHK Apartment
77.07 L - 81 L",702 SQ.FT,₹ 81.0 L
376145,The Poem,"2.5 BHK Apartment
86 L",735 SQ.FT,₹ 86.0 L
425506,Casagrand Amor,"3 BHK Apartment
1.2 Cr",1697 SQ.FT,"₹ 1.2 Cr
i"
425506,Casagrand Amor,"3 BHK Apartment
1.2 Cr",1699 SQ.FT,"₹ 1.2 Cr
i"
397833,Brigade Horizon,"1 BHK Apartment
50.23 L",615 SQ.FT,₹ 50.23 L
397833,Brigade Horizon,"2 BHK Apartment
82.73 L - 86.9 L",1013 SQ.FT,₹ 82.73 L
397833,Brigade Horizon,"2 BHK Apartment
82.73 L - 86.9 L",1064 SQ.FT,₹ 86.9 L
397833,Brigade Horizon,"3 BHK Apartment
1.17 Cr - 1.33 Cr",1438 SQ.FT,₹ 1.17 Cr
397833,Brigade Horizon,"3 BHK Apartment
1.17 Cr - 1.33 Cr",1453 SQ.FT,₹ 1.19 Cr
397833,Brigade Horizon,"3 BHK Apartment
1.17 Cr - 1.33 Cr",1473 SQ.FT,₹ 1.2 Cr
397833,Brigade Horizon,"3 BHK Apartment
1.17 Cr - 1.33 Cr",1533 SQ.FT,₹ 1.25 Cr
397833,Brigade Horizon,"3 BHK Apartment
1.17 Cr - 1.33 Cr",1548 SQ.FT,₹ 1.26 Cr
397833,Brigade Horizon,"3 BHK Apartment
1.17 Cr - 1.33 Cr",1627 SQ.FT,₹ 1.33 Cr
397833,Brigade Horizon,"4 BHK Apartment
2.13 Cr - 2.63 Cr",2603 SQ.FT,₹ 2.13 Cr
397833,Brigade Horizon,"4 BHK Apartment
2.13 Cr - 2.63 Cr",3044 SQ.FT,₹ 2.49 Cr
397833,Brigade Horizon,"4 BHK Apartment
2.13 Cr - 2.63 Cr",3215 SQ.FT,₹ 2.63 Cr
413382,Shriram Solitaire,"2 BHK Apartment
85.87 L",1045 SQ.FT,"₹ 85.87 L
i"
413382,Shriram Solitaire,"2.5 BHK Apartment
1.01 Cr",1235 SQ.FT,"₹ 1.01 Cr
i"
410449,Prestige Park Grove,"1 BHK Apartment
96.7 L - 99.05 L",658 SQ.FT,₹ 96.7 L
410449,Prestige Park Grove,"1 BHK Apartment
96.7 L - 99.05 L",674 SQ.FT,₹ 99.05 L
410449,Prestige Park Grove,"2 BHK Apartment
1.57 Cr - 1.69 Cr",1067 SQ.FT,₹ 1.57 Cr
410449,Prestige Park Grove,"2 BHK Apartment
1.57 Cr - 1.69 Cr",1114 SQ.FT,₹ 1.64 Cr
410449,Prestige Park Grove,"2 BHK Apartment
1.57 Cr - 1.69 Cr",1150 SQ.FT,₹ 1.69 Cr
410449,Prestige Park Grove,"3 BHK Apartment
2.08 Cr - 3.24 Cr",1414 SQ.FT,₹ 2.08 Cr
410449,Prestige Park Grove,"3 BHK Apartment
2.08 Cr - 3.24 Cr",1428 SQ.FT,₹ 2.1 Cr
410449,Prestige Park Grove,"3 BHK Apartment
2.08 Cr - 3.24 Cr",1458 SQ.FT,₹ 2.14 Cr
410449,Prestige Park Grove,"3 BHK Apartment
2.08 Cr - 3.24 Cr",1460 SQ.FT,₹ 2.15 Cr
410449,Prestige Park Grove,"3 BHK Apartment
2.08 Cr - 3.24 Cr",1784 SQ.FT,₹ 2.62 Cr
410449,Prestige Park Grove,"3 BHK Apartment
2.08 Cr - 3.24 Cr",1800 SQ.FT,₹ 2.65 Cr
410449,Prestige Park Grove,"3 BHK Apartment
2.08 Cr - 3.24 Cr",1810 SQ.FT,₹ 2.66 Cr
410449,Prestige Park Grove,"3 BHK Apartment
2.08 Cr - 3.24 Cr",1820 SQ.FT,₹ 2.67 Cr
410449,Prestige Park Grove,"3 BHK Apartment
2.08 Cr - 3.24 Cr",1855 SQ.FT,₹ 2.73 Cr
410449,Prestige Park Grove,"3 BHK Apartment
2.08 Cr - 3.24 Cr",1960 SQ.FT,₹ 2.88 Cr
410449,Prestige Park Grove,"3 BHK Apartment
2.08 Cr - 3.24 Cr",2101 SQ.FT,₹ 3.09 Cr
410449,Prestige Park Grove,"3 BHK Apartment
2.08 Cr - 3.24 Cr",2143 SQ.FT,₹ 3.15 Cr
410449,Prestige Park Grove,"3 BHK Apartment
2.08 Cr - 3.24 Cr",2163 SQ.FT,₹ 3.18 Cr
410449,Prestige Park Grove,"3 BHK Apartment
2.08 Cr - 3.24 Cr",2200 SQ.FT,₹ 3.23 Cr
410449,Prestige Park Grove,"3 BHK Apartment
2.08 Cr - 3.24 Cr",2204 SQ.FT,₹ 3.24 Cr
410449,Prestige Park Grove,"4 BHK Apartment
3.48 Cr - 5.67 Cr",2369 SQ.FT,₹ 3.48 Cr
410449,Prestige Park Grove,"4 BHK Apartment
3.48 Cr - 5.67 Cr",2451 SQ.FT,₹ 3.6 Cr
410449,Prestige Park Grove,"4 BHK Apartment
3.48 Cr - 5.67 Cr",2530 SQ.FT,₹ 3.72 Cr
410449,Prestige Park Grove,"4 BHK Apartment
3.48 Cr - 5.67 Cr",2660 SQ.FT,₹ 3.91 Cr
410449,Prestige Park Grove,"4 BHK Apartment
3.48 Cr - 5.67 Cr",2758 SQ.FT,₹ 4.05 Cr
410449,Prestige Park Grove,"4 BHK Apartment
3.48 Cr - 5.67 Cr",3677 SQ.FT,₹ 5.4 Cr
410449,Prestige Park Grove,"4 BHK Apartment
3.48 Cr - 5.67 Cr",3739 SQ.FT,₹ 5.49 Cr
410449,Prestige Park Grove,"4 BHK Apartment
3.48 Cr - 5.67 Cr",3793 SQ.FT,₹ 5.57 Cr
410449,Prestige Park Grove,"4 BHK Apartment
3.48 Cr - 5.67 Cr",3856 SQ.FT,₹ 5.67 Cr
410449,Prestige Park Grove,"4 BHK Villa
5.09 Cr - 6.13 Cr",3463 SQ.FT,₹ 5.09 Cr
410449,Prestige Park Grove,"4 BHK Villa
5.09 Cr - 6.13 Cr",4170 SQ.FT,₹ 6.13 Cr
410449_phase_1,Prestige Sunflower,4 BHK Villa,3075 SQ.FT,Price on Request
410449_phase_1,Prestige Sunflower,4 BHK Villa,4200 SQ.FT,Price on Request
410449_phase_2,Prestige Song Of The South Phase 1,"1 BHK Apartment
90.1 L",644 SQ.FT,₹ 90.1 L
410449_phase_2,Prestige Song Of The South Phase 1,"2 BHK Apartment
1.67 Cr - 1.74 Cr",1197 SQ.FT,₹ 1.67 Cr
410449_phase_2,Prestige Song Of The South Phase 1,"2 BHK Apartment
1.67 Cr - 1.74 Cr",1198 SQ.FT,₹ 1.68 Cr
410449_phase_2,Prestige Song Of The South Phase 1,"2 BHK Apartment
1.67 Cr - 1.74 Cr",1210 SQ.FT,₹ 1.69 Cr
410449_phase_2,Prestige Song Of The South Phase 1,"2 BHK Apartment
1.67 Cr - 1.74 Cr",1211 SQ.FT,₹ 1.69 Cr
410449_phase_2,Prestige Song Of The South Phase 1,"2 BHK Apartment
1.67 Cr - 1.74 Cr",1212 SQ.FT,₹ 1.7 Cr
410449_phase_2,Prestige Song Of The South Phase 1,"2 BHK Apartment
1.67 Cr - 1.74 Cr",1220 SQ.FT,₹ 1.71 Cr
410449_phase_2,Prestige Song Of The South Phase 1,"2 BHK Apartment
1.67 Cr - 1.74 Cr",1221 SQ.FT,₹ 1.71 Cr
410449_phase_2,Prestige Song Of The South Phase 1,"2 BHK Apartment
1.67 Cr - 1.74 Cr",1223 SQ.FT,₹ 1.71 Cr
410449_phase_2,Prestige Song Of The South Phase 1,"2 BHK Apartment
1.67 Cr - 1.74 Cr",1227 SQ.FT,₹ 1.72 Cr
410449_phase_2,Prestige Song Of The South Phase 1,"2 BHK Apartment
1.67 Cr - 1.74 Cr",1232 SQ.FT,₹ 1.72 Cr
410449_phase_2,Prestige Song Of The South Phase 1,"2 BHK Apartment
1.67 Cr - 1.74 Cr",1235 SQ.FT,₹ 1.73 Cr
410449_phase_2,Prestige Song Of The South Phase 1,"2 BHK Apartment
1.67 Cr - 1.74 Cr",1241 SQ.FT,₹ 1.74 Cr
410449_phase_2,Prestige Song Of The South Phase 1,"2.5 BHK Apartment
1.9 Cr - 1.93 Cr",1358 SQ.FT,₹ 1.9 Cr
410449_phase_2,Prestige Song Of The South Phase 1,"2.5 BHK Apartment
1.9 Cr - 1.93 Cr",1366 SQ.FT,₹ 1.91 Cr
410449_phase_2,Prestige Song Of The South Phase 1,"2.5 BHK Apartment
1.9 Cr - 1.93 Cr",1368 SQ.FT,₹ 1.91 Cr
410449_phase_2,Prestige Song Of The South Phase 1,"2.5 BHK Apartment
1.9 Cr - 1.93 Cr",1374 SQ.FT,₹ 1.92 Cr
410449_phase_2,Prestige Song Of The South Phase 1,"2.5 BHK Apartment
1.9 Cr - 1.93 Cr",1375 SQ.FT,₹ 1.92 Cr
410449_phase_2,Prestige Song Of The South Phase 1,"2.5 BHK Apartment
1.9 Cr - 1.93 Cr",1376 SQ.FT,₹ 1.93 Cr
410449_phase_2,Prestige Song Of The South Phase 1,"3 BHK Apartment
2.21 Cr - 2.7 Cr",1583 SQ.FT,₹ 2.21 Cr
410449_phase_2,Prestige Song Of The South Phase 1,"3 BHK Apartment
2.21 Cr - 2.7 Cr",1588 SQ.FT,₹ 2.22 Cr
410449_phase_2,Prestige Song Of The South Phase 1,"3 BHK Apartment
2.21 Cr - 2.7 Cr",1591 SQ.FT,₹ 2.23 Cr
410449_phase_2,Prestige Song Of The South Phase 1,"3 BHK Apartment
2.21 Cr - 2.7 Cr",1600 SQ.FT,₹ 2.24 Cr
410449_phase_2,Prestige Song Of The South Phase 1,"3 BHK Apartment
2.21 Cr - 2.7 Cr",1613 SQ.FT,₹ 2.26 Cr
410449_phase_2,Prestige Song Of The South Phase 1,"3 BHK Apartment
2.21 Cr - 2.7 Cr",1614 SQ.FT,₹ 2.26 Cr
410449_phase_2,Prestige Song Of The South Phase 1,"3 BHK Apartment
2.21 Cr - 2.7 Cr",1618 SQ.FT,₹ 2.26 Cr
410449_phase_2,Prestige Song Of The South Phase 1,"3 BHK Apartment
2.21 Cr - 2.7 Cr",1622 SQ.FT,₹ 2.27 Cr
410449_phase_2,Prestige Song Of The South Phase 1,"3 BHK Apartment
2.21 Cr - 2.7 Cr",1624 SQ.FT,₹ 2.27 Cr
410449_phase_2,Prestige Song Of The South Phase 1,"3 BHK Apartment
2.21 Cr - 2.7 Cr",1631 SQ.FT,₹ 2.28 Cr
410449_phase_2,Prestige Song Of The South Phase 1,"3 BHK Apartment
2.21 Cr - 2.7 Cr",1634 SQ.FT,₹ 2.29 Cr
410449_phase_2,Prestige Song Of The South Phase 1,"3 BHK Apartment
2.21 Cr - 2.7 Cr",1728 SQ.FT,₹ 2.42 Cr
410449_phase_2,Prestige Song Of The South Phase 1,"3 BHK Apartment
2.21 Cr - 2.7 Cr",1900 SQ.FT,₹ 2.66 Cr
410449_phase_2,Prestige Song Of The South Phase 1,"3 BHK Apartment
2.21 Cr - 2.7 Cr",1902 SQ.FT,₹ 2.66 Cr
410449_phase_2,Prestige Song Of The South Phase 1,"3 BHK Apartment
2.21 Cr - 2.7 Cr",1907 SQ.FT,₹ 2.67 Cr
410449_phase_2,Prestige Song Of The South Phase 1,"3 BHK Apartment
2.21 Cr - 2.7 Cr",1927 SQ.FT,₹ 2.7 Cr
410449_phase_2,Prestige Song Of The South Phase 1,"3 BHK Apartment
2.21 Cr - 2.7 Cr",1929 SQ.FT,₹ 2.7 Cr
410449_phase_2,Prestige Song Of The South Phase 1,"4 BHK Apartment
3.44 Cr - 3.45 Cr",2462 SQ.FT,₹ 3.44 Cr
410449_phase_2,Prestige Song Of The South Phase 1,"4 BHK Apartment
3.44 Cr - 3.45 Cr",2467 SQ.FT,₹ 3.45 Cr
410449_phase_3,Prestige Finsbury Park Hyde,"1 BHK Apartment
37.26 L - 56.83 L",417 SQ.FT,₹ 37.26 L
410449_phase_3,Prestige Finsbury Park Hyde,"1 BHK Apartment
37.26 L - 56.83 L",421 SQ.FT,₹ 37.62 L
410449_phase_3,Prestige Finsbury Park Hyde,"1 BHK Apartment
37.26 L - 56.83 L",428 SQ.FT,₹ 38.25 L
410449_phase_3,Prestige Finsbury Park Hyde,"1 BHK Apartment
37.26 L - 56.83 L",431 SQ.FT,₹ 38.51 L
410449_phase_3,Prestige Finsbury Park Hyde,"1 BHK Apartment
37.26 L - 56.83 L",416 SQ.FT,₹ 56.83 L
410449_phase_3,Prestige Finsbury Park Hyde,"2 BHK Apartment
55.85 L - 85.34 L",625 SQ.FT,₹ 55.85 L
410449_phase_3,Prestige Finsbury Park Hyde,"2 BHK Apartment
55.85 L - 85.34 L",628 SQ.FT,₹ 56.12 L
410449_phase_3,Prestige Finsbury Park Hyde,"2 BHK Apartment
55.85 L - 85.34 L",630 SQ.FT,₹ 56.3 L
410449_phase_3,Prestige Finsbury Park Hyde,"2 BHK Apartment
55.85 L - 85.34 L",635 SQ.FT,₹ 56.74 L
410449_phase_3,Prestige Finsbury Park Hyde,"2 BHK Apartment
55.85 L - 85.34 L",642 SQ.FT,₹ 57.37 L
410449_phase_3,Prestige Finsbury Park Hyde,"2 BHK Apartment
55.85 L - 85.34 L",614 SQ.FT,₹ 85.34 L
410449_phase_4,Prestige Finsbury Park Regent,"3 BHK Apartment
79.76 L - 1.34 Cr",851 SQ.FT,₹ 79.76 L
410449_phase_4,Prestige Finsbury Park Regent,"3 BHK Apartment
79.76 L - 1.34 Cr",853 SQ.FT,₹ 79.94 L
410449_phase_4,Prestige Finsbury Park Regent,"3 BHK Apartment
79.76 L - 1.34 Cr",878 SQ.FT,₹ 82.29 L
410449_phase_4,Prestige Finsbury Park Regent,"3 BHK Apartment
79.76 L - 1.34 Cr",1002 SQ.FT,₹ 93.91 L
410449_phase_4,Prestige Finsbury Park Regent,"3 BHK Apartment
79.76 L - 1.34 Cr",1021 SQ.FT,₹ 95.69 L
410449_phase_4,Prestige Finsbury Park Regent,"3 BHK Apartment
79.76 L - 1.34 Cr",1045 SQ.FT,₹ 97.94 L
410449_phase_4,Prestige Finsbury Park Regent,"3 BHK Apartment
79.76 L - 1.34 Cr",1064 SQ.FT,₹ 99.72 L
410449_phase_4,Prestige Finsbury Park Regent,"3 BHK Apartment
79.76 L - 1.34 Cr",1075 SQ.FT,₹ 1.01 Cr
410449_phase_4,Prestige Finsbury Park Regent,"3 BHK Apartment
79.76 L - 1.34 Cr",1224 SQ.FT,₹ 1.15 Cr
410449_phase_4,Prestige Finsbury Park Regent,"3 BHK Apartment
79.76 L - 1.34 Cr",1431 SQ.FT,₹ 1.34 Cr
410449_phase_5,Prestige Great Acres,"Plot
1.82 Cr - 6.24 Cr",1163 SQ.FT,₹ 1.82 Cr
410449_phase_5,Prestige Great Acres,"Plot
1.82 Cr - 6.24 Cr",1200 SQ.FT,₹ 1.87 Cr
410449_phase_5,Prestige Great Acres,"Plot
1.82 Cr - 6.24 Cr",1500 SQ.FT,₹ 2.34 Cr
410449_phase_5,Prestige Great Acres,"Plot
1.82 Cr - 6.24 Cr",1615 SQ.FT,₹ 2.52 Cr
410449_phase_5,Prestige Great Acres,"Plot
1.82 Cr - 6.24 Cr",1800 SQ.FT,₹ 2.81 Cr
410449_phase_5,Prestige Great Acres,"Plot
1.82 Cr - 6.24 Cr",1938 SQ.FT,₹ 3.03 Cr
410449_phase_5,Prestige Great Acres,"Plot
1.82 Cr - 6.24 Cr",2325 SQ.FT,₹ 3.63 Cr
410449_phase_5,Prestige Great Acres,"Plot
1.82 Cr - 6.24 Cr",2400 SQ.FT,₹ 3.75 Cr
410449_phase_5,Prestige Great Acres,"Plot
1.82 Cr - 6.24 Cr",2906 SQ.FT,₹ 4.54 Cr
410449_phase_5,Prestige Great Acres,"Plot
1.82 Cr - 6.24 Cr",3000 SQ.FT,₹ 4.68 Cr
410449_phase_5,Prestige Great Acres,"Plot
1.82 Cr - 6.24 Cr",3875 SQ.FT,₹ 6.05 Cr
410449_phase_5,Prestige Great Acres,"Plot
1.82 Cr - 6.24 Cr",4000 SQ.FT,₹ 6.24 Cr
410449_phase_6,Prestige Bagmane Temple Bells,"1 BHK Apartment
38.43 L - 61.03 L",408 SQ.FT,₹ 38.43 L
410449_phase_6,Prestige Bagmane Temple Bells,"1 BHK Apartment
38.43 L - 61.03 L",430 SQ.FT,₹ 40.5 L
410449_phase_6,Prestige Bagmane Temple Bells,"1 BHK Apartment
38.43 L - 61.03 L",628 SQ.FT,₹ 59.15 L
410449_phase_6,Prestige Bagmane Temple Bells,"1 BHK Apartment
38.43 L - 61.03 L",648 SQ.FT,₹ 61.03 L
410449_phase_6,Prestige Bagmane Temple Bells,"2 BHK Apartment
75.72 L - 1.11 Cr",804 SQ.FT,₹ 75.72 L
410449_phase_6,Prestige Bagmane Temple Bells,"2 BHK Apartment
75.72 L - 1.11 Cr",805 SQ.FT,₹ 75.81 L
410449_phase_6,Prestige Bagmane Temple Bells,"2 BHK Apartment
75.72 L - 1.11 Cr",808 SQ.FT,₹ 76.1 L
410449_phase_6,Prestige Bagmane Temple Bells,"2 BHK Apartment
75.72 L - 1.11 Cr",940 SQ.FT,₹ 88.53 L
410449_phase_6,Prestige Bagmane Temple Bells,"2 BHK Apartment
75.72 L - 1.11 Cr",949 SQ.FT,₹ 89.38 L
410449_phase_6,Prestige Bagmane Temple Bells,"2 BHK Apartment
75.72 L - 1.11 Cr",958 SQ.FT,₹ 90.22 L
410449_phase_6,Prestige Bagmane Temple Bells,"2 BHK Apartment
75.72 L - 1.11 Cr",1157 SQ.FT,₹ 1.09 Cr
410449_phase_6,Prestige Bagmane Temple Bells,"2 BHK Apartment
75.72 L - 1.11 Cr",1160 SQ.FT,₹ 1.09 Cr
410449_phase_6,Prestige Bagmane Temple Bells,"2 BHK Apartment
75.72 L - 1.11 Cr",1178 SQ.FT,₹ 1.11 Cr
410449_phase_6,Prestige Bagmane Temple Bells,"2.5 BHK Apartment
1.28 Cr - 1.3 Cr",1360 SQ.FT,₹ 1.28 Cr
410449_phase_6,Prestige Bagmane Temple Bells,"2.5 BHK Apartment
1.28 Cr - 1.3 Cr",1376 SQ.FT,₹ 1.3 Cr
410449_phase_6,Prestige Bagmane Temple Bells,"3 BHK Apartment
1.07 Cr - 1.52 Cr",1133 SQ.FT,₹ 1.07 Cr
410449_phase_6,Prestige Bagmane Temple Bells,"3 BHK Apartment
1.07 Cr - 1.52 Cr",1158 SQ.FT,₹ 1.09 Cr
410449_phase_6,Prestige Bagmane Temple Bells,"3 BHK Apartment
1.07 Cr - 1.52 Cr",1168 SQ.FT,₹ 1.1 Cr
410449_phase_6,Prestige Bagmane Temple Bells,"3 BHK Apartment
1.07 Cr - 1.52 Cr",1177 SQ.FT,₹ 1.11 Cr
410449_phase_6,Prestige Bagmane Temple Bells,"3 BHK Apartment
1.07 Cr - 1.52 Cr",1369 SQ.FT,₹ 1.29 Cr
410449_phase_6,Prestige Bagmane Temple Bells,"3 BHK Apartment
1.07 Cr - 1.52 Cr",1373 SQ.FT,₹ 1.29 Cr
410449_phase_6,Prestige Bagmane Temple Bells,"3 BHK Apartment
1.07 Cr - 1.52 Cr",1587 SQ.FT,₹ 1.49 Cr
410449_phase_6,Prestige Bagmane Temple Bells,"3 BHK Apartment
1.07 Cr - 1.52 Cr",1590 SQ.FT,₹ 1.5 Cr
410449_phase_6,Prestige Bagmane Temple Bells,"3 BHK Apartment
1.07 Cr - 1.52 Cr",1598 SQ.FT,₹ 1.5 Cr
410449_phase_6,Prestige Bagmane Temple Bells,"3 BHK Apartment
1.07 Cr - 1.52 Cr",1611 SQ.FT,₹ 1.52 Cr
410449_phase_7,Prestige Boulevard,"2 BHK Apartment
1 Cr - 1.43 Cr",749 SQ.FT,₹ 1.0 Cr
410449_phase_7,Prestige Boulevard,"2 BHK Apartment
1 Cr - 1.43 Cr",767 SQ.FT,₹ 1.03 Cr
410449_phase_7,Prestige Boulevard,"2 BHK Apartment
1 Cr - 1.43 Cr",1043 SQ.FT,₹ 1.4 Cr
410449_phase_7,Prestige Boulevard,"2 BHK Apartment
1 Cr - 1.43 Cr",1047 SQ.FT,₹ 1.4 Cr
410449_phase_7,Prestige Boulevard,"2 BHK Apartment
1 Cr - 1.43 Cr",1064 SQ.FT,₹ 1.42 Cr
410449_phase_7,Prestige Boulevard,"2 BHK Apartment
1 Cr - 1.43 Cr",1068 SQ.FT,₹ 1.43 Cr
410449_phase_7,Prestige Boulevard,"3 BHK Apartment
1.51 Cr - 2.19 Cr",1126 SQ.FT,₹ 1.51 Cr
410449_phase_7,Prestige Boulevard,"3 BHK Apartment
1.51 Cr - 2.19 Cr",1163 SQ.FT,₹ 1.56 Cr
410449_phase_7,Prestige Boulevard,"3 BHK Apartment
1.51 Cr - 2.19 Cr",1164 SQ.FT,₹ 1.56 Cr
410449_phase_7,Prestige Boulevard,"3 BHK Apartment
1.51 Cr - 2.19 Cr",1584 SQ.FT,₹ 2.12 Cr
410449_phase_7,Prestige Boulevard,"3 BHK Apartment
1.51 Cr - 2.19 Cr",1594 SQ.FT,₹ 2.13 Cr
410449_phase_7,Prestige Boulevard,"3 BHK Apartment
1.51 Cr - 2.19 Cr",1636 SQ.FT,₹ 2.19 Cr
410449_phase_7,Prestige Boulevard,"3 BHK Apartment
1.51 Cr - 2.19 Cr",1638 SQ.FT,₹ 2.19 Cr
