XID,region,proj_name,magicbricks.com link,housing.com link,squareyards.com link
396799,Bangalore,Keya Around The Life,https://www.magicbricks.com/keya-around-the-life-whitefield-bangalore-pdpid-4d4235333334313831,https://housing.com/in/buy/projects/page/283108-keya-around-the-life-by-keya-homes-in-k-r-puram,https://www.squareyards.com/bangalore-residential-property/keya-around-the-life/188759/project
382144,Mumbai Thane,Lodha Codename Premier,https://www.magicbricks.com/lodha-codename-premier-dombivli-east-beyond-thane-pdpid-4d4235333139353333,https://housing.com/in/buy/projects/page/123213-lodha-lodha-codename-premier-lodha-palava-by-lodha-group-in-dombivli-east,https://www.squareyards.com/thane-residential-property/lodha-codename-premier/118886/project
426929,Bangalore,Green Edge Signature,https://www.magicbricks.com/green-edge-signature-varthur-bangalore-pdpid-4d4235343232323731,https://housing.com/in/buy/projects/page/320204-green-edge-signature-by-green-edge-ventures-in-varthur,https://www.squareyards.com/bangalore-residential-property/green-edge-signature/247217/project
430075,Bangalore,Prestige Raintree Park,https://www.magicbricks.com/prestige-raintree-park-varthur-bangalore-pdpid-4d4235343233303739,https://housing.com/in/buy/projects/page/327973-prestige-raintree-park-by-prestige-estates-projects-ltd-in-whitefield,https://www.squareyards.com/bangalore-residential-property/prestige-raintree-park/308195/project
420343,Bangalore,Concorde Antares,https://www.magicbricks.com/concorde-antares-yelahanka-new-town-bangalore-pdpid-4d4235343138323733,https://housing.com/in/buy/projects/page/312393-concorde-antares-by-concorde-housing-corporation-pvt-ltd-in-vidyaranyapura,https://www.squareyards.com/bangalore-residential-property/concorde-antares/238169/project
426786,Bangalore,Casagrand Casablanca,https://www.magicbricks.com/casagrand-casablanca-kanakapura-road-bangalore-pdpid-4d4235343230373831,https://housing.com/in/buy/projects/page/321042-casagrand-casablanca-by-casagrand-builder-private-limited-in-badamanavarathekaval,https://www.squareyards.com/bangalore-residential-property/casagrand-casablanca/247733/project
401530,Bangalore,Raj Bay Vista,https://www.magicbricks.com/snn-raj-bay-vista-bannerghatta-main-road-bangalore-pdpid-4d4235333731363539,https://housing.com/in/buy/projects/page/294446-raj-bay-vista-by-snn-properties-llp-in-bilekahalli,https://www.squareyards.com/bangalore-residential-property/snn-raj-bay-vista/220265/project
332507,Bangalore,Godrej 24,https://www.magicbricks.com/godrej-24-sarjapur-road-bangalore-pdpid-4d4235313234313139,https://housing.com/in/buy/projects/page/182175-godrej-24-by-godrej-properties-ltd-in-volagerekallahalli,https://www.squareyards.com/bangalore-residential-property/godrej-24-sarjapur/10583/project
396695,Bangalore,JRC Wild Woods,https://www.magicbricks.com/jrc-wild-woods-sarjapur-road-bangalore-pdpid-4d4235333334313737,https://housing.com/in/buy/projects/page/337847-jrc-wild-woods-by-jrc-projects-pvt-ltd-in-gattahalli,https://www.squareyards.com/bangalore-residential-property/jrc-wild-woods/179874/project
433778,Bangalore,Sumadhura Capitol Residences,https://www.magicbricks.com/sumadhura-capitol-residences-whitefield-bangalore-pdpid-4d4235343234323533,https://housing.com/in/buy/projects/page/329241-sumadhura-capitol-residences-by-sumadhura-infracon-pvt-ltd-in-whitefield,https://www.squareyards.com/bangalore-residential-property/sumadhura-capitol-residences/309158/project
420851,Mumbai,Suraj Lumina,https://www.magicbricks.com/suraj-lumina-mahim-mumbai-pdpid-4d4235343231303337,https://housing.com/in/buy/projects/page/312854-suraj-lumina-by-suraj-estate-developers-ltd-in-mahim,https://www.squareyards.com/mumbai-residential-property/suraj-lumina/247964/project
412178,Bangalore,Platinum East Woods,https://www.magicbricks.com/platinum-east-woods-kannamangala-bangalore-pdpid-4d4235343137383637,https://housing.com/in/buy/projects/page/298338-platinum-east-woods-by-platinum-narya-infra-in-kannamangala-whitefield-hoskote-road,https://www.squareyards.com/bangalore-residential-property/platinum-east-woods/223121/project
430414,Bangalore,Sree Adhitya Lotus Park,https://www.magicbricks.com/adithya-lotus-park-k-r-puram-bangalore-pdpid-4d4235343232313333,https://housing.com/in/buy/projects/page/315047-sree-adithya-lotus-park-by-sree-adithya-developers-in-k-r-puram,https://www.squareyards.com/bangalore-residential-property/sree-adithya-lotus-park/243235/project
305417,Bangalore,Amrutha Platinum Towers,https://www.magicbricks.com/amrutha-platinum-towers-whitefield-bangalore-pdpid-4d4235313335363439,https://housing.com/in/buy/projects/page/144670-amrutha-platinum-towers-by-amrutha-rama-constructions-pvt-ltd-in-whitefield,https://www.squareyards.com/bangalore-residential-property/amrutha-platinum-towers/25406/project
422149,Bangalore,SNN Estates Felicity,https://www.magicbricks.com/snn-estates-felicity-rachenahalli-bangalore-pdpid-4d4235343139303939,https://housing.com/in/buy/projects/page/314438-snn-estates-felicity-by-snn-estates-in-jakkur,https://www.squareyards.com/bangalore-residential-property/snn-felicity/241919/project
418968,Navi Mumbai,Queens Necklace,https://www.magicbricks.com/metro-queens-necklace-kharghar-navi-mumbai-pdpid-4d4235313533373339,https://housing.com/in/buy/projects/page/310772-metro-satyam-queens-necklace-by-metrosatyam-builders-llp-in-kharghar,https://www.squareyards.com/navi-mumbai-residential-property/metro-satyam-queens-necklace/235331/project
420666,Bangalore,Folium by Sumadhura Phase 3,https://www.magicbricks.com/folium-by-sumadhura-phase-iii-whitefield-bangalore-pdpid-4d4235343230313439,https://housing.com/in/buy/projects/page/335212-sumadhura-folium-phase-lll-by-sumadhura-infracon-pvt-ltd-in-whitefield,https://www.squareyards.com/bangalore-residential-property/sumadhura-folium/123774/project
394748,Bangalore,Adish Aradhra,https://www.magicbricks.com/adish-aradhra-chandapura-bangalore-pdpid-4d4235343230383933,https://housing.com/in/buy/projects/page/279360-adish-aradhra-by-adish-properties-in-madivala,https://www.squareyards.com/bangalore-residential-property/adish-aradhra/213337/project
424323,Mumbai,Codename Triumph,https://www.magicbricks.com/codename-triumph-tower-1-bhandup-west-mumbai-pdpid-4d4235343230343733,https://housing.com/in/buy/projects/page/317432-adani-codename-triumph-tower-1-by-adani-realty-in-kanjurmarg-west,https://www.squareyards.com/mumbai-residential-property/adani-airica/245769/project
421123,Bangalore,Sri Garudadri Gardens,https://www.magicbricks.com/garudadri-gardens-kengeri-bangalore-pdpid-4d4235343138363033,https://housing.com/in/buy/projects/page/312996-sri-garudadri-gardens-by-sri-garudadri-constructions-in-rr-nagar,https://www.squareyards.com/bangalore-residential-property/sri-garudadri-gardenia/113517/project
57026,Bangalore,M1 Terra Alegria,https://www.magicbricks.com/m1-terra-alegria-whitefield-bangalore-pdpid-4d4235303431353535,https://housing.com/in/buy/projects/page/99881-m1-terra-alegria-phase-1-by-m1-homes-in-shankanipura,https://www.squareyards.com/bangalore-residential-property/terra-alegria/18620/project
294215,Navi Mumbai,Arihant Aspire,https://www.magicbricks.com/arihant-aspire-panvel-navi-mumbai-pdpid-4d4235313130373037,https://housing.com/in/buy/projects/page/301132-arihant-aspire-by-arihant-superstructures-limited-in-panvel,https://www.squareyards.com/navi-mumbai-residential-property/arihant-aspire/10043/project
376451,Bangalore,Godrej Ananda,https://www.magicbricks.com/godrej-ananda-bagaluru-bangalore-pdpid-4d4235323837313331,https://housing.com/in/buy/projects/page/333346-godrej-ananda-by-godrej-properties-ltd-in-gummanahalli,https://www.squareyards.com/bangalore-residential-property/godrej-ananda/103923/project
424098,Bangalore,Modern Spaaces Engrace Vista,http://magicbricks.com/engrace-vista-sarjapur-road-bangalore-pdpid-4d4235343230303437,https://housing.com/in/buy/projects/page/318035-engrace-vista-by-modern-spaaces-in-chikkadunnasandra,https://www.squareyards.com/bangalore-residential-property/modern-engrace-vista/245808/project
381402,Mumbai,Sejal Siddha Sky,https://www.magicbricks.com/siddha-sky-wadala-east-mumbai-pdpid-4d4235313234363131,https://housing.com/in/buy/projects/page/198179-siddha-sky-phase-2-by-siddha-group-in-sion,https://www.squareyards.com/mumbai-residential-property/siddha-sky/10986/project
379240,Bangalore,Provident Sunworth City,https://www.magicbricks.com/provident-sunworth-mysore-road-bangalore-pdpid-4d4235303139333735,https://housing.com/in/buy/projects/page/1093-provident-sunworth-city-by-provident-housing-limited-in-kambipura,https://www.squareyards.com/bangalore-residential-property/provident-sunworth/1606/project
394931,Bangalore,Raj High Gardens,https://www.magicbricks.com/raj-high-gardens-chandapura-bangalore-pdpid-4d4235333334313539,https://housing.com/in/buy/projects/page/279147-raj-high-gardens-by-snn-raj-corp-in-electronic-city,https://www.squareyards.com/bangalore-residential-property/snn-raj-high-gardens/134095/project
324247,Bangalore,Purva Zenium,https://www.magicbricks.com/puravankara-purva-zenium-new-international-airport-road-bangalore-pdpid-4d4235313232313137,https://housing.com/in/buy/projects/page/130881-puravankara-zenium-phase-1-by-puravankara-limited-in-hosahalli,https://www.squareyards.com/bangalore-residential-property/puravankara-purva-zenium/10487/project
410494,Bangalore,Esteem South Park,https://www.magicbricks.com/esteem-south-park-bannerghatta-main-road-bangalore-pdpid-4d4235343131323137,https://housing.com/in/buy/projects/page/298922-esteem-south-park-by-esteem-group-in-gottigere,https://www.squareyards.com/bangalore-residential-property/esteem-south-park/222984/project
427851,Bangalore,Vaishno Serene,https://www.magicbricks.com/vaishno-serene-k-r-puram-bangalore-pdpid-4d4235343233323335,https://housing.com/in/buy/projects/page/322210-vaishno-serene-by-vaishno-ventures-in-k-r-puram,https://www.squareyards.com/bangalore-residential-property/vaishno-serene/248790/project
331133,Bangalore,Brigade El Dorado,https://www.magicbricks.com/brigade-el-dorado-bagalur-main-road-bangalore-pdpid-4d4235313234343235,https://housing.com/in/buy/projects/page/332940-brigade-el-dorado-by-brigade-enterprises-ltd-in-gummanahalli,https://www.squareyards.com/bangalore-residential-property/brigade-el-dorado/175477/project
375851,Bangalore,Triaxis Splendour Plus,https://www.magicbricks.com/triaxis-splendour-hoskote-bangalore-pdpid-4d4235333432343037,https://housing.com/in/buy/projects/page/256125-triaxis-splendour-plus-by-triaxis-infra-projects-in-hoskote?gad_source=1&gclid=CjwKCAjwwLO_BhB2EiwAx2e-30l5GtkfVRGvJkPNMnGjaEatY6SyRmkU9joT9VfDVrq70Z4Waz3amxoCp6cQAvD_BwE,https://www.squareyards.com/bangalore-residential-property/triaxis-splendour/103765/project/photos
432566,Bangalore,DS MAX SkySanman,https://www.magicbricks.com/ds-max-sky-sanman-bannerghatta-main-road-bangalore-pdpid-4d4235343232393735,https://housing.com/in/buy/projects/page/329380-ds-max-sky-sanman-by-dsmax-properties-private-limited-in-sbingipura,https://www.squareyards.com/bangalore-residential-property/ds-max-sky-sanman/307912/project
404103,Navi Mumbai,QA Riverfront,https://www.magicbricks.com/qa-riverfront-3-taloja-navi-mumbai-pdpid-4d4235343233303231,https://housing.com/in/buy/projects/page/334773-rs-qa-riverfront-by-rs-couture-llp-in-taloja,https://www.squareyards.com/navi-mumbai-residential-property/rs-qa-riverfront/215028/project
437293,Bangalore,Eastfield by Urbanest Realty,https://www.magicbricks.com/urbanest-sarjapur-bangalore-pdpid-4d4235313239353333,https://housing.com/in/buy/projects/page/340932-urbanest-eastfield-by-urbanest-realty-bangalore-in-yelachanayakanapura,https://www.squareyards.com/bangalore-residential-property/urbanest-east-field/324573/project
423851,Bangalore,Ramsons East Park Residences,https://www.magicbricks.com/east-park-residences-sarjapur-road-bangalore-pdpid-4d4235343139373539,https://housing.com/in/buy/projects/page/318556-ramsons-east-park-residences-by-ramsons-trendsquares-realty-llp-in-varthur,https://www.squareyards.com/bangalore-residential-property/ramsons-trendsquares-east-park-residences/245889/project
421768,Bangalore,Goyal Orchid Life,https://www.magicbricks.com/goyal-orchid-life-gunjur-bangalore-pdpid-4d4235343138363335,https://housing.com/in/buy/projects/page/312325-goyal-orchid-life-by-goyal-co-hariyana-group-in-gunjur-palya,https://www.squareyards.com/bangalore-residential-property/goyal-orchid-life/237652/project
420469,Bangalore,Sri Nandana Galaxy,https://www.magicbricks.com/sri-nandana-galaxy-sarjapur-road-bangalore-pdpid-4d4235343138393739,https://housing.com/in/buy/projects/page/311263-sri-nandana-galaxy-by-sri-nandana-builders-in-chambenahalli,https://www.squareyards.com/bangalore-residential-property/sri-nandana-galaxy/237260/project
260686,Bangalore,Brigade Laguna,https://www.magicbricks.com/brigade-laguna-rachenahalli-main-road-bangalore-pdpid-4d4235313030353439,https://housing.com/in/buy/projects/page/37684-brigade-laguna-by-brigade-enterprises-ltd-in-jakkur,https://www.squareyards.com/bangalore-residential-property/brigade-laguna/15344/project
400981,Mumbai,WMI Ashford Regal,https://www.magicbricks.com/wmi-ashford-regal-bhandup-west-mumbai-pdpid-4d4235333535383131,https://housing.com/in/buy/projects/page/287444-ashford-regal-phase-i-wing-a-project-by-ashford-group-builders-in-bhandup-west,https://www.squareyards.com/mumbai-residential-property/ashford-regal/192109/project
431532,Mumbai,Kalpataru Advay,https://www.magicbricks.com/kalpataru-advay-borivali-west-mumbai-pdpid-4d4235343232383333,https://housing.com/in/buy/projects/page/328657-kalpataru-advay-by-kalpataru-group-in-borivali-west,https://housing.com/in/buy/projects/page/328657-kalpataru-advay-by-kalpataru-group-in-borivali-west
389975,Mumbai,Godrej Horizon,https://www.magicbricks.com/godrej-horizon-wadala-mumbai-pdpid-4d4235333331363135,https://housing.com/in/buy/projects/page/295243-godrej-horizon-by-godrej-properties-ltd-in-wadala,https://www.squareyards.com/mumbai-residential-property/godrej-horizon-wadala/147340/project
426926,Bangalore,Casagrand Vivacity,https://www.magicbricks.com/casagrand-vivacity-electronic-city-bangalore-pdpid-4d4235343230353833,https://housing.com/in/buy/projects/page/320127-casagrand-vivacity-by-casagrand-builder-private-limited-in-electronic-city,https://www.squareyards.com/bangalore-residential-property/casagrand-vivacity/247214/project
414367,Bangalore,Adarsh Welkin Park,https://www.magicbricks.com/adarsh-welkin-park-anekal-bangalore-pdpid-4d4235343139343635,https://housing.com/in/buy/projects/page/333708-adarsh-welkin-park-by-adarsh-developers-in-gattahalli,https://www.squareyards.com/bangalore-residential-property/adarsh-welkin-park/222634/project
343707,Mumbai Thane,Mahindra Happinest Kalyan 2,https://www.magicbricks.com/mahindra-happinest-kalyan-2-kalyan-beyond-thane-pdpid-4d4235333235383331,https://housing.com/in/buy/projects/page/228260-mahindra-happinest-kalyan-project-a-by-mahindra-lifespaces-in-bhiwandi,https://www.squareyards.com/thane-residential-property/mahindra-lifespaces-happinest-kalyan-2/25392/project
422453,Bangalore,Assetz 66 and Shibui,https://www.magicbricks.com/assetz-66-and-shibui-whitefield-bangalore-pdpid-4d4235343139343839,https://housing.com/in/buy/projects/page/315009-assetz-66-shibui-by-assetz-property-group-in-whitefield,https://www.squareyards.com/bangalore-residential-property/assetz-66-and-shibui/243243/project
389667,Mumbai Thane,Godrej Ascend,https://www.magicbricks.com/godrej-ascend-kolshet-road-thane-pdpid-4d4235333331393031,https://housing.com/in/buy/projects/page/276465-godrej-ascend-by-godrej-properties-ltd-in-kolshet,https://www.squareyards.com/thane-residential-property/godrej-ascend/149018/project
417100,Mumbai,Lodha Riservo,https://www.magicbricks.com/lodha-riservo-vikhroli-west-mumbai-pdpid-4d4235343230353639,https://housing.com/in/buy/projects/page/309558-lodha-riservo-by-lodha-group-in-vikhroli-east,https://www.squareyards.com/mumbai-residential-property/lodha-riservo/234355/project
418697,Bangalore,Provident Deansgate,https://www.magicbricks.com/provident-deansgate-devanahalli-bangalore-pdpid-4d4235343137373439,https://housing.com/in/buy/projects/page/309924-provident-deansgate-by-provident-housing-limited-in-yelahanka,https://www.squareyards.com/bangalore-residential-property/provident-deansgate/234552/project
391738,Bangalore,Sattva Aeropolis,https://www.magicbricks.com/sattva-aeropolis-devanahalli-bangalore-pdpid-4d4235333332383531,https://housing.com/in/buy/projects/page/277556-sattva-aeropolis-by-sattva-group-in-boovanahalli,https://www.squareyards.com/bangalore-residential-property/salarpuria-sattva-aeropolis/151032/project
422935,Bangalore,SSVR Niyaara,https://www.magicbricks.com/ssvr-niyaara-varthur-bangalore-pdpid-4d4235343139333337,https://housing.com/in/buy/projects/page/316797-ssvr-niyaara-by-ssvr-builders-in-varthur,https://www.squareyards.com/bangalore-residential-property/ssvr-niyaara/244662/project
382996,Navi Mumbai,Regents Park Kharghar,https://www.magicbricks.com/metro-regents-park-kharghar-navi-mumbai-pdpid-4d4235333236363433,https://housing.com/in/buy/projects/page/267789-the-regents-park-by-satyam-builder-in-taloja,https://www.squareyards.com/navi-mumbai-residential-property/satyam-regents-park/113934/project
391740,Bangalore,Sattva Aqua Vista,https://www.magicbricks.com/sattva-aqua-vista-bannerghatta-main-road-bangalore-pdpid-4d4235333331333731,https://housing.com/in/buy/projects/page/277445-sattva-aqua-vista-by-sattva-group-in-kalena-agrahara,https://www.squareyards.com/bangalore-residential-property/salarpuria-aqua-vista/100647/project
385201,Mumbai,Ajmera Manhattan,https://www.magicbricks.com/ajmera-manhattan-wadala-mumbai-pdpid-4d4235333235393037,https://housing.com/in/buy/projects/page/272069-ajmera-manhattan-by-ajmera-group-in-wadala,https://www.squareyards.com/mumbai-residential-property/ajmera-manhattan/123665/project
434568,Bangalore,Brigade Citrine,https://www.magicbricks.com/brigade-citrine-bidarahalli-bangalore-pdpid-4d4235343235343837,https://housing.com/in/buy/projects/page/334750-brigade-citrine-by-brigade-enterprises-ltd-in-budigere-cross,https://www.squareyards.com/bangalore-residential-property/brigade-citrine/324569/project
303427,Bangalore,Vijaya Aquagreen,https://www.magicbricks.com/vijaya-aquagreen-abbigere-bangalore-pdpid-4d4235313132373835,https://housing.com/in/buy/projects/page/182007-vijaya-aquagreen-by-vijaya-enterprises-in-chikbanavara,https://www.squareyards.com/bangalore-residential-property/vijaya-aqua-green/231879/project
23442,Bangalore,SNN Raj Viviente,https://www.magicbricks.com/snn-raj-viviente-bannerghatta-main-road-bangalore-pdpid-4d4235303036323033,https://housing.com/in/buy/projects/page/286248-raj-viviente-by-snn-raj-corp-in-ckikkakammana-halli,https://www.squareyards.com/bangalore-residential-property/snn-raj-viviente/99126/project
386996,Bangalore,Folium By Sumadhura Phase 1,https://www.magicbricks.com/folium-by-sumadhura-phase-i-whitefield-bangalore-pdpid-4d4235333236393539,https://housing.com/in/buy/projects/page/296893-sumadhura-folium-phase-i-by-sumadhura-infracon-pvt-ltd-in-k-r-puram,https://www.squareyards.com/bangalore-residential-property/sumadhura-folium/123774/project
430231,Mumbai,Godrej Nurture,https://www.magicbricks.com/godrej-nurture-bhandup-west-mumbai-pdpid-4d4235343232353633,https://housing.com/in/buy/projects/page/327512-godrej-nurture-by-godrej-properties-ltd-in-bhandup-west,https://www.squareyards.com/mumbai-residential-property/godrej-nurture-mumbai/306678/project
429180,Navi Mumbai,New Palm Beach,https://www.magicbricks.com/bhagwati-celestria-airoli-navi-mumbai-pdpid-4d4235343234383939,https://housing.com/in/buy/projects/page/320236-bhagwati-celestria-by-bhagwati-group-in-airoli,https://www.squareyards.com/navi-mumbai-residential-property/bhagwati-celestria/247268/project
413380,Bangalore,Birla Trimaya,https://www.magicbricks.com/birla-trimaya-devanahalli-bangalore-pdpid-4d4235343136383937,https://housing.com/in/buy/projects/page/329823-birla-trimaya-by-birla-estate-in-yerthiganahalli,https://www.squareyards.com/bangalore-residential-property/birla-trimaya/228605/project
429968,Bangalore,TVS Isle of Trees,https://www.magicbricks.com/tvs-emerald-isle-of-trees-rachenahalli-bangalore-pdpid-4d4235343232333631,https://housing.com/in/buy/projects/page/325971-tvs-isle-of-trees-by-tvs-emerald-haven-realty-in-jakkur,https://www.squareyards.com/bangalore-residential-property/tvs-emerald-isle-of-trees/306171/project
433734,Bangalore,Purvi Arvindam,https://www.magicbricks.com/sai-purvi-arvindam-panathur-bangalore-pdpid-4d4235343233383935,https://housing.com/in/buy/projects/page/332507-sai-purvi-arvindam-by-sai-purvi-infrastructures-in-varthur,https://www.squareyards.com/bangalore-residential-property/sai-purvi-arvindam/308772/project
385178,Bangalore,Nambiar Millennia,https://www.magicbricks.com/nambiar-millennia-sarjapur-road-bangalore-pdpid-4d4235333237393831,https://housing.com/in/buy/projects/page/271822-nambiar-millennia-by-nambiar-enterprises-llp-in-anekal,https://www.squareyards.com/bangalore-residential-property/nambiar-millennia/130220/project
413980,Bangalore,Sri Balaji Serene,https://www.magicbricks.com/sri-balaji-serene-yelahanka-bangalore-pdpid-4d4235343136373135,https://housing.com/in/buy/projects/page/304874-sri-balaji-serene-by-sri-balaji-structures-in-yelahanka,https://www.squareyards.com/bangalore-residential-property/sri-balaji-serene/235371/project
424417,Bangalore,Vajram Newtown 2,https://www.magicbricks.com/vajram-newtown-ii-thanisandra-main-road-bangalore-pdpid-4d4235343230363735,https://housing.com/in/buy/projects/page/317590-vajram-newtown-ii-by-vajram-group-in-chokkanahalli,https://www.squareyards.com/bangalore-residential-property/vajram-newtown/13636/project
411449,Bangalore,ATCO La Vivant,https://www.magicbricks.com/atco-la-vivant-sarjapur-bangalore-pdpid-4d4235343136363939,https://housing.com/in/buy/projects/page/300927-la-vivant-by-atco-projects-in-sarjapur,https://www.squareyards.com/bangalore-residential-property/atco-lavivant/231662/project
430213,Bangalore,Sattva Springs,https://www.magicbricks.com/sattva-springs-kanakapura-road-bangalore-pdpid-4d4235343232353235,https://housing.com/in/buy/projects/page/327552-sattva-springs-by-sattva-group-in-badamanavarathekaval,https://www.squareyards.com/bangalore-residential-property/sattva-springs/306851/project
389421,Mumbai,Pride Panorama,https://www.magicbricks.com/landcare-pride-panorama-andheri-east-mumbai-pdpid-4d4235343031383933,https://housing.com/in/buy/projects/page/288285-landcare-panorama-by-landcare-realty-llp-in-saki-naka,https://www.squareyards.com/mumbai-residential-property/pride-panorama-mumbai/189130/project
375497,Bangalore,Concorde Abode 99,https://www.magicbricks.com/project-concorde-abode-99-for-sale-in-bangalore-pppfs,https://housing.com/in/buy/projects/page/255826-concorde-abode-99-by-concorde-housing-corporation-pvt-ltd-in-bommasandra,https://www.squareyards.com/bangalore-residential-property/concorde-abode-99/103438/project
427979,Bangalore,Concorde Mayfair,https://www.magicbricks.com/concorde-mayfair-yelahanka-bangalore-pdpid-4d4235333339333533,https://housing.com/in/buy/projects/page/321067-concorde-mayfair-by-concorde-housing-corporation-pvt-ltd-in-nehru-nagar?gad_source=1&gclid=Cj0KCQjwna6_BhCbARIsALId2Z2TlsqowhScB-McQSDp7swB9_0ptYE6hbKYpnjXvk9HyI_lrucTi_UaAkiWEALw_wcB,https://www.squareyards.com/bangalore-residential-property/concorde-mayfair/91391/project
375852,Bangalore,DS Max Sky Shubham,https://www.magicbricks.com/ds-max-skyshubham-kithiganur-bangalore-pdpid-4d4235333139393039,https://housing.com/in/buy/projects/page/256093-ds-max-sky-shubham-by-dsmax-properties-private-limited-in-k-r-puram,https://www.squareyards.com/bangalore-residential-property/ds-max-sky-shubham/111119/project
427272,Bangalore,Sanjeevini Aarna,https://www.magicbricks.com/sanjeevini-aarna-hoskote-bangalore-pdpid-4d4235343232333637,https://housing.com/in/buy/projects/page/322054-sanjeevini-aarna-by-sanjeevini-group-in-hoskote,https://www.squareyards.com/bangalore-residential-property/sanjeevini-aarna/148428/project
423416,Bangalore,Sree Urban Orchids Phase 2,https://www.magicbricks.com/sree-urban-orchids-phase-ii-panathur-bangalore-pdpid-4d4235343136333239,https://housing.com/in/buy/projects/page/299465-sree-urban-orchids-phase-ii-by-sree-builders-developers-in-panathur,https://www.squareyards.com/bangalore-residential-property/sree-urban-orchids/188845/project
418615,Mumbai,Edmont Aurelia,https://www.magicbricks.com/ashwin-sheth-edmont-aurelia-kandivali-west-mumbai-pdpid-4d4235343137373835,https://housing.com/in/buy/projects/page/310525-edmont-aurelia-by-ashwin-sheth-group-in-kandivali-west,https://www.squareyards.com/mumbai-residential-property/sheth-edmont-aurelia/234701/project
402881,Bangalore,SNR Safa,https://www.magicbricks.com/snr-safa-sarjapur-road-bangalore-pdpid-4d4235313239343431,https://housing.com/in/buy/projects/page/290359-snr-safa-by-snr-square-in-chikkadunnasandra,https://www.squareyards.com/bangalore-residential-property/snr-safa/212076/project
306221,Bangalore,JRC Palladio,https://www.magicbricks.com/jrc-palladio-sarjapur-road-bangalore-pdpid-4d4235313231353735,https://housing.com/in/buy/projects/page/144730-jrc-palladio-by-jrc-projects-pvt-ltd-in-sarjapur,https://www.squareyards.com/bangalore-residential-property/jrc-palladio/101295/project
282227,Mumbai,25 South,https://www.magicbricks.com/hubtown-25-south-prabhadevi-mumbai-pdpid-4d4235313538353937,https://housing.com/in/buy/projects/page/266449-hubtown-twenty-five-south-north-tower-by-hubtown-in-prabhadevi,https://www.squareyards.com/mumbai-residential-property/hubtown-25-south/11052/project
396698,Bangalore,Mars Planet,https://www.magicbricks.com/mars-the-planet-banashankari-stage-3-bangalore-pdpid-4d4235343233343337,https://housing.com/in/buy/projects/page/283051-mars-planet-by-mars-builders-in-hosakerehalli,https://www.squareyards.com/bangalore-residential-property/mars-the-planet/188072/project
407935,Bangalore,Sowparnika Life On The Green,https://www.magicbricks.com/sowparnika-life-on-the-green-attibele-bangalore-pdpid-4d4235343130373433,https://housing.com/in/buy/projects/page/299141-sowparnika-life-on-the-green-by-sowparnika-projects-infrastructure-private-limited-in-bidaraguppe,https://www.squareyards.com/bangalore-residential-property/sowparnika-life-on-the-green/223278/project
377796,Bangalore,Adarsh Park Heights,https://www.magicbricks.com/adarsh-park-heights-phase-1-varthur-bangalore-pdpid-4d4235333330363335,https://housing.com/in/buy/projects/page/307233-adarsh-park-heights-by-akarsha-realty-private-limited-in-gunjur-village,https://www.squareyards.com/bangalore-residential-property/adarsh-park-heights/113038/project
432547,Bangalore,DSR The Address,https://www.magicbricks.com/dsr-the-address-sarjapur-road-bangalore-pdpid-4d4235343233333939,https://housing.com/in/buy/projects/page/331176-dsr-the-address-by-dsr-infrastructure-pvt-ltd-in-sarjapur,https://www.squareyards.com/bangalore-residential-property/dsr-the-address/308455/project
425249,Navi Mumbai,Sai Vrindavan,https://www.magicbricks.com/sai-vrindavan-panvel-navi-mumbai-pdpid-4d4235343236363539,https://housing.com/in/buy/projects/page/318620-sai-vrindavan-by-kt-lk-group-in-panvel,https://www.squareyards.com/navi-mumbai-residential-property/kt-sai-vrindavan-panvel/246538/project
403086,Bangalore,Sattva Bliss,https://www.magicbricks.com/sattva-bliss-budigere-cross-bangalore-pdpid-4d4235343135303437,https://housing.com/in/buy/projects/page/291886-sattva-bliss-by-sattva-group-in-budigere-cross,https://www.squareyards.com/bangalore-residential-property/salarpuria-sattva-bliss/217595/project
376145,Bangalore,Shriram The Poem,https://www.magicbricks.com/the-poem-by-shriram-properties-jalahalli-bangalore-pdpid-4d4235343035333633,https://housing.com/in/buy/projects/page/257485-the-poem-by-shriram-properties-in-abbigere,https://www.squareyards.com/bangalore-residential-property/shriram-the-poem/231351/project
432510,Bangalore,Birla Ojasvi,https://www.magicbricks.com/birla-ojasvi-rajarajeshwari-nagar-bangalore-pdpid-4d4235343233333231,https://housing.com/in/buy/projects/page/313106-birla-ojasvi-by-birla-estate-in-rr-nagar,https://www.squareyards.com/bangalore-residential-property/birla-ojasvi/308446/project
411425,Bangalore,Sarang by Sumadhura Phase 1,https://www.magicbricks.com/sarang-by-sumadhura-phase-i-whitefield-bangalore-pdpid-4d4235343136373537,https://housing.com/in/buy/projects/page/303038-sarang-by-sumadhura-phase-1-by-sumadhura-infracon-pvt-ltd-in-whitefield,https://www.squareyards.com/bangalore-residential-property/sumadhura-sarang/227966/project
374540,Bangalore,Godrej Woodland,https://www.magicbricks.com/godrej-woodland-sarjapur-road-bangalore-pdpid-4d4235323330313739,https://housing.com/in/buy/projects/page/333074-godrej-woodland-by-godrej-properties-ltd-in-hoskote,https://www.squareyards.com/bangalore-residential-property/godrej-woodland/102460/project
402421,Bangalore,Mahidhara Harmony,https://www.magicbricks.com/mahidhara-harmony-sarjapur-road-bangalore-pdpid-4d4235333734353435,https://housing.com/in/buy/projects/page/289995-mahidhara-harmony-by-mahidhara-in-bommasandra,https://www.squareyards.com/bangalore-residential-property/mahidhara-harmony/210647/project
402990,Bangalore,Shriram Pristine Estates,https://www.magicbricks.com/shriram-pristine-estates-doddaballapur-main-road-bangalore-pdpid-4d4235343135313537,https://housing.com/in/buy/projects/page/292915-shriram-pristine-estates-by-shriram-properties-in-doddaballapura,https://www.squareyards.com/bangalore-residential-property/shriram-pristine-estates/210697/project
424173,Bangalore,Assetz Sora and Saki,https://www.magicbricks.com/assetz-sora-and-saki-phase-1-bagaluru-bangalore-pdpid-4d4235343139343931,https://housing.com/in/buy/projects/page/317633-sora-saki-by-assetz-property-group-in-gummanahalli,https://www.squareyards.com/bangalore-residential-property/assetz-sora-and-saki/245805/project
430976,Bangalore,Rewild Doddaballapura,https://www.magicbricks.com/rewild-doddaballapura-doddaballapur-bangalore-pdpid-4d4235343235353033,https://housing.com/in/buy/projects/page/321655-rewild-doddaballapura-by-rewild-retreats-llp-in-dargajogihalli,https://www.squareyards.com/bangalore-residential-property/rewild-doddaballapura/248492/project
405318,Bangalore,Prestige Lavender Fields,https://www.magicbricks.com/prestige-lavender-fields-varthur-bangalore-pdpid-4d4235343037333135,https://housing.com/in/buy/projects/page/294617-prestige-lavender-fields-by-prestige-estates-projects-ltd-in-varthur,https://www.squareyards.com/bangalore-residential-property/prestige-lavender-fields/221459/project
427026,Bangalore,Axis Oaklyn,https://www.magicbricks.com/axis-oaklyn-yelahanka-bangalore-pdpid-4d4235343233393531,https://housing.com/in/buy/projects/page/318935-axis-oaklyn-by-axis-concept-construction-ltd-in-yelahanka,https://www.squareyards.com/bangalore-residential-property/axis-oaklyn/246767/project
399073,Bangalore,SBR Minara,https://www.magicbricks.com/sbr-minara-bidarahalli-bangalore-pdpid-4d4235333336373733,https://housing.com/in/buy/projects/page/284680-sbr-minara-by-sbr-group-in-k-r-puram,https://www.squareyards.com/bangalore-residential-property/sbr-minara/204785/project
426628,Bangalore,Promise of Spring,https://www.magicbricks.com/assetz-promise-of-spring-devanahalli-bangalore-pdpid-4d4235343234313139,https://housing.com/in/buy/projects/page/319203-promise-of-spring-by-assetz-property-group-in-devanahalli,https://www.squareyards.com/bangalore-residential-property/assetz-promise-of-spring/246863/project
366854,Bangalore,Arvind Bel Air,https://www.magicbricks.com/arvind-bel-air-yelahanka-bangalore-pdpid-4d4235313838373436,https://housing.com/in/buy/projects/page/235442-arvind-bel-air-by-arvind-smartspaces-ltd-in-vidyaranyapura,https://www.squareyards.com/bangalore-residential-property/arvind-bel-air/101291/project
426925,Bangalore,RRL Palacio,https://www.magicbricks.com/rrl-palacio-sarjapur-bangalore-pdpid-4d4235343231303737,https://housing.com/in/buy/projects/page/320100-rrl-palacio-by-rrl-builders-and-developers-pvt-ltd-in-sarjapur,https://www.squareyards.com/bangalore-residential-property/rrl-palacio/247218/project
386352,Mumbai Thane,Thanekar Palacio,https://www.magicbricks.com/thanekar-paradise-badlapur-beyond-thane-pdpid-4d4235313530353939,https://housing.com/in/buy/projects/page/301428-thanekar-palacio-by-thanekar-group-in-badlapur-east,https://www.squareyards.com/thane-residential-property/thanekar-palacio/141930/project
379927,Mumbai,Prescon Midtown Bay,https://www.magicbricks.com/rising-sun-midtown-bay-mahim-mumbai-pdpid-4d4235343131323637,https://housing.com/in/buy/projects/page/263411-prescon-midtown-bay-by-prescon-realtors-in-mahim,https://www.squareyards.com/mumbai-residential-property/prescon-midtown-bay/111905/project
425506,Bangalore,Casagrand Amor,https://www.magicbricks.com/casagrand-amor-begur-bangalore-pdpid-4d4235343139353333,https://housing.com/in/buy/projects/page/317933-casagrand-amor-by-casagrand-builder-private-limited-in-begur,https://www.squareyards.com/bangalore-residential-property/casagrand-amor/246140/project
384290,Bangalore,Godrej Park Retreat,https://www.magicbricks.com/godrej-park-retreat-sarjapur-road-bangalore-pdpid-4d4235333236323037,https://housing.com/in/buy/projects/page/335465-godrej-park-retreat-by-godrej-properties-ltd-in-chikkakannalli,https://www.squareyards.com/bangalore-residential-property/godrej-park-retreat/115887/project
410150,Bangalore,Sumuk Square,https://www.magicbricks.com/sumuk-square-vidyaranyapura-bangalore-pdpid-4d4235343137353631,https://housing.com/in/buy/projects/page/297822-sumuk-square-by-sumuk-projects-in-vidyaranyapura,https://www.squareyards.com/bangalore-residential-property/sumuk-square/220654/project
141819,Bangalore,Baldota Thumbprint,https://www.magicbricks.com/thumbprint-vidyaranyapura-bangalore-pdpid-4d4235303430343339,https://housing.com/in/buy/projects/page/15523-baldota-brothers-thumbprint-by-baldota-brothers-in-vaderahalli,https://www.squareyards.com/bangalore-residential-property/baldota-thumbprint-villas/19030/project
429182,Navi Mumbai,The Olympia,https://www.magicbricks.com/the-olympia-panvel-navi-mumbai-pdpid-4d4235343234373539,https://housing.com/in/buy/projects/page/325271-kalpana-the-olympia-by-kalpana-struct-con-in-new-panvel-east,https://www.squareyards.com/navi-mumbai-residential-property/kalpana-the-olympia/251900/project
427907,Bangalore,Brigade Insignia,https://www.magicbricks.com/brigade-insignia-yelahanka-bangalore-pdpid-4d4235343231333037,https://housing.com/in/buy/projects/page/322177-brigade-insignia-by-brigade-enterprises-ltd-in-yelahanka,https://www.squareyards.com/bangalore-residential-property/brigade-insignia/248548/project
324633,Bangalore,Purva Atmosphere,https://www.magicbricks.com/purva-atmosphere-thanisandra-main-road-bangalore-pdpid-4d4235313238383839,https://housing.com/in/buy/projects/page/171698-purva-atmosphere-by-puravankara-limited-in-rk-hegde-nagar,https://www.squareyards.com/bangalore-residential-property/puravankara-purva-atmosphere/29974/project
438221,Bangalore,VKK Grand,https://www.magicbricks.com/vkk-grand-horamavu-bangalore-pdpid-4d4235343236343531,https://housing.com/in/buy/projects/page/343390-venky-vkk-grand-by-venky-karthik-group-in-horamavu,https://www.squareyards.com/bangalore-residential-property/vkk-grand/324746/project
392369,Bangalore,DSR Highland Greenz,https://www.magicbricks.com/dsr-highland-greenz-sarjapur-road-bangalore-pdpid-4d4235333333383131,https://housing.com/in/buy/projects/page/277439-dsr-highland-greenz-by-dsr-infrastructure-pvt-ltd-in-chikkakannalli,https://www.squareyards.com/bangalore-residential-property/dsr-highland-greenz/113071/project
425507,Bangalore,DS Max Sky Blossom,https://www.magicbricks.com/ds-max-sky-blossom-begur-bangalore-pdpid-4d4235343139383531,https://housing.com/in/buy/projects/page/318854-ds-max-sky-blossom-by-dsmax-properties-private-limited-in-begur,https://www.squareyards.com/bangalore-residential-property/ds-max-sky-blossom/246459/project
433805,Bangalore,DS MAX Sky Sisira,https://www.magicbricks.com/ds-max-sky-sisira-rajanukunte-bangalore-pdpid-4d4235343235333531,https://housing.com/in/buy/projects/page/335538-ds-max-sky-sisira-by-dsmax-properties-private-limited-in-kasuvanahalli,https://www.squareyards.com/bangalore-residential-property/ds-max-sky-sisira/323726/project
416670,Bangalore,Casagrand Flamingo,https://www.magicbricks.com/casagrand-flamingo-hsr-layout-bangalore-pdpid-4d4235343137333431,https://housing.com/in/buy/projects/page/308161-casagrand-flamingo-by-casagrand-builder-private-limited-in-hsr-layout,https://housing.com/in/buy/projects/page/308161-casagrand-flamingo-by-casagrand-builder-private-limited-in-hsr-layout
397833,Bangalore,Brigade Horizon,https://www.magicbricks.com/brigade-horizon-mysore-road-bangalore-pdpid-4d4235303330353932,https://housing.com/in/buy/projects/page/283126-brigade-horizon-by-brigade-enterprises-ltd-in-kumbalgodu,https://www.squareyards.com/bangalore-residential-property/brigade-horizon/175481/project
422868,Bangalore,DS Max Sky Samurai,https://www.magicbricks.com/ds-max-sky-samurai-soukya-road-bangalore-pdpid-4d4235343139323835,https://housing.com/in/buy/projects/page/316282-ds-max-sky-samurai-by-dsmax-properties-private-limited-in-kacharakanahallibisnahalli,https://www.squareyards.com/bangalore-residential-property/ds-max-sky-samurai/244584/project
397983,Bangalore,Pavani Mirabilia,https://www.magicbricks.com/pavani-mirabilia-whitefield-bangalore-pdpid-4d4235333336373735,https://housing.com/in/buy/projects/page/284649-pavani-mirabilia-by-pavani-group-in-k-r-puram,https://www.squareyards.com/bangalore-residential-property/pavani-mirabilia/180232/project
429184,Bangalore,Nava Vajra,https://www.magicbricks.com/nava-vajra-horamavu-bangalore-pdpid-4d4235343232373233,https://housing.com/in/buy/projects/page/321041-nava-vajra-by-nava-jyothi-developers-in-horamavu,https://www.squareyards.com/bangalore-residential-property/nava-vajra/247743/project
402429,Bangalore,Mathapathi Grand Field,https://www.magicbricks.com/mathapathi-grand-field-gunjur-bangalore-pdpid-4d4235333235373735,https://housing.com/in/buy/projects/page/287002-mathapathi-grand-field-by-mathapathi-constructions-pvt-ltd-in-gunjur,https://www.squareyards.com/bangalore-residential-property/mathapathi-grand-field/220875/project
433863,Navi Mumbai,Kamdhenu Crown,https://www.magicbricks.com/kamdhenu-crown-sanpada-navi-mumbai-pdpid-4d4235343234363237,https://housing.com/in/buy/projects/page/334949-kamdhenu-crown-by-kamdhenu-devkrupa-realtors-llp-in-vashi,https://www.squareyards.com/navi-mumbai-residential-property/kamdhenu-crown/312364/project
422558,Mumbai,Godrej Reserve,https://www.magicbricks.com/godrej-reserve-kandivali-east-mumbai-pdpid-4d4235343139303931,https://housing.com/in/buy/projects/page/315509-godrej-reserve-by-godrej-properties-ltd-in-kandivali-east,https://www.squareyards.com/mumbai-residential-property/godrej-reserve-kandivali/243614/project
386994,Bangalore,Sumadhura Aspire Amber,https://www.magicbricks.com/sumadhura-aspire-amber-whitefield-bangalore-pdpid-4d4235333332383135,https://housing.com/in/buy/projects/page/274997-sumadhura-aspire-amber-by-sumadhura-infracon-pvt-ltd-in-bidare-agraha,https://www.squareyards.com/bangalore-residential-property/sumadhura-aspire-amber/123784/project
393857,Bangalore,Puravankara Purva Park Hill,https://www.magicbricks.com/purva-park-hill-kanakapura-road-bangalore-pdpid-4d4235333336373333,https://housing.com/in/buy/projects/page/278974-purva-park-hill-wing-a-by-puravankara-limited-in-nettigere,https://www.squareyards.com/bangalore-residential-property/purva-park-hill/159844/project
419794,Bangalore,Trishul Happy Homes Varenya,https://www.magicbricks.com/happy-homes-varenya-sarjapur-road-bangalore-pdpid-4d4235343139303039,https://housing.com/in/buy/projects/page/312311-trishul-happy-homes-varenya-by-trishul-builders-and-promoters-in-sarjapur,https://www.squareyards.com/bangalore-residential-property/trishul-happy-homes/196186/project
418319,Bangalore,Brigade Sanctuary,https://www.magicbricks.com/brigade-sanctuary-sarjapur-road-bangalore-pdpid-4d4235343137383531,https://housing.com/in/buy/projects/page/309884-brigade-sanctuary-by-brigade-enterprises-ltd-in-hegondanahalli,https://www.squareyards.com/bangalore-residential-property/brigade-sanctuary/234550/project
432543,Bangalore,Sattva Lumina,https://www.magicbricks.com/sattva-lumina-yelahanka-bangalore-pdpid-4d4235343233343537,https://housing.com/in/buy/projects/page/329613-sattva-lumina-by-sattva-group-in-rajanukunte,https://www.squareyards.com/bangalore-residential-property/sattva-lumina/308457/project
429486,Mumbai,Claremont by Origin,https://www.magicbricks.com/origin-claremont-dindoshi-mumbai-pdpid-4d4235343230393333,https://housing.com/in/buy/projects/page/321522-claremont-by-origin-corp-in-goregaon-east,https://www.squareyards.com/mumbai-residential-property/origin-claremont/248152/project
420665,Bangalore,Grand La Palazzo,https://www.magicbricks.com/grand-lapalazzo-sarjapur-road-bangalore-pdpid-4d4235343231363331,https://housing.com/in/buy/projects/page/312330-grand-la-palazzo-by-tbc-homes-infra-corp-in-bommasandra,https://www.squareyards.com/bangalore-residential-property/tbc-grand-la-palazzo/237699/project
430928,Mumbai,Zodiac Anjaneshwar,https://www.magicbricks.com/zodiac-anjaneshwar-vile-parle-east-mumbai-pdpid-4d4235343139393139,https://housing.com/in/buy/projects/page/315118-zodiac-anjaneshwar-by-zodiac-ventures-in-andheri-east,https://www.squareyards.com/mumbai-residential-property/zodiac-anjaneshwar/312319/project
430996,Bangalore,Pride Euphora,https://www.magicbricks.com/pride-euphora-k-r-puram-bangalore-pdpid-4d4235343232373937,https://housing.com/in/buy/projects/page/329603-pride-euphora-by-pride-group-in-k-r-puram,https://www.squareyards.com/bangalore-residential-property/pride-euphora/307500/project
428931,Bangalore,Saranya Swarovski,https://www.magicbricks.com/saranya-swarovski-whitefield-bangalore-pdpid-4d4235343233393239,https://housing.com/in/buy/projects/page/322212-saranya-swarovski-by-saranya-properties-pvt-ltd-in-whitefield,https://www.squareyards.com/bangalore-residential-property/saranya-swarovski/248682/project
427769,Bangalore,Sattva Green Groves,https://www.magicbricks.com/sattva-green-groves-nelamangala-road-bangalore-pdpid-4d4235343231303433,https://housing.com/in/buy/projects/page/321069-sattva-green-groves-by-sattva-group-in-nelamangala,https://www.squareyards.com/bangalore-residential-property/sattva-green-groves/247757/project
413382,Bangalore,Shriram Solitaire,https://www.magicbricks.com/shriram-solitaire-yelahanka-new-town-bangalore-pdpid-4d4235343036333233,https://housing.com/in/buy/projects/page/289533-shriram-solitaire-by-shriram-properties-limited-in-yelahanka-new-town,https://www.squareyards.com/bangalore-residential-property/shriram-solitaire/225557/project
386987,Bangalore,DS Max Sukruth,https://www.magicbricks.com/ds-max-sukruth-chandapura-bangalore-pdpid-4d4235333236363035,https://housing.com/in/buy/projects/page/273414-ds-max-sukruth-by-dsmax-properties-private-limited-in-attibele,https://www.squareyards.com/bangalore-residential-property/ds-max-sukruth/129926/project
409341,Bangalore,Folium By Sumadhura Phase 2,https://www.magicbricks.com/folium-by-sumadhura-phase-2-whitefield-bangalore-pdpid-4d4235343036313433,https://housing.com/in/buy/projects/page/298094-sumadhura-folium-phase-ii-by-sumadhura-infracon-pvt-ltd-in-whitefield,https://www.squareyards.com/bangalore-residential-property/sumadhura-folium/123774/project
403481,Bangalore,Brigade Calista,https://www.magicbricks.com/brigade-calista-phase-1-budigere-cross-bangalore-pdpid-4d4235333932373137,https://housing.com/in/buy/projects/page/305764-brigade-calista-by-brigade-enterprises-ltd-in-cheemasandra,https://www.squareyards.com/bangalore-residential-property/brigade-calista/215865/project
416159,Bangalore,Lodha Mirabelle,https://www.magicbricks.com/lodha-mirabelle-thanisandra-bangalore-pdpid-4d4235343137343437,https://housing.com/in/buy/projects/page/309029-lodha-mirabelle-by-lodha-group-in-sinthan-nagar,https://www.squareyards.com/bangalore-residential-property/lodha-mirabelle/233846/project
334081,Bangalore,Provident Capella,https://www.magicbricks.com/provident-capella-whitefield-bangalore-pdpid-4d4235313235313335,https://housing.com/in/buy/projects/page/255660-provident-capella-by-provident-housing-limited-in-thirumalashettyhally,https://www.squareyards.com/bangalore-residential-property/provident-capella/10632/project
403616,Bangalore,DS Max Shreshta,https://www.magicbricks.com/ds-max-shresta-bellahalli-bangalore-pdpid-4d4235333933383933,https://housing.com/in/buy/projects/page/294253-ds-max-shresta-by-dsmax-properties-private-limited-in-kannuru,https://www.squareyards.com/bangalore-residential-property/ds-max-shresta/217421/project
1184,Mumbai Thane,Rumah Bali,https://www.magicbricks.com/puraniks-rumah-bali-ghodbunder-road-thane-pdpid-4d4235303731303935,https://housing.com/in/buy/projects/page/33138-puraniks-rumah-bali-by-puraniks-builders-pvt-ltd-in-thane-west,https://www.squareyards.com/thane-residential-property/puranik-rumah-bali/5388/project
