XID,Unit Type,Unit Size,Area Type,Price,Possession Date
743,4,BHK Flat 1850 sq.ft,Area Not Available,"₹ 2.46 Cr
₹2.14 lakh EMI",Under Construction
743,4,BHK Flat 1850 sq.ft,Area Not Available,"₹ 2.44 Cr
₹2.12 lakh EMI",Under Construction
743,2,BHK Flat 1150 sq.ft,Area Not Available,"₹ 88 Lac
₹76.4K EMI",Ready to Move
743,4,BHK Flat 1850 sq.ft,Area Not Available,"₹ 2.46 Cr
₹2.14 lakh EMI",Under Construction
743,4,BHK Flat 1850 sq.ft,Area Not Available,"₹ 2.44 Cr
₹2.12 lakh EMI",Under Construction
743,2,BHK Flat 1150 sq.ft,Area Not Available,"₹ 88 Lac
₹76.4K EMI",Ready to Move
