RegistrationNumber,Year
TN/01/Layout/0334/2024,2024
TN/1/Layout/2915/2024,2024
TN/1/Layout/4357/2024,2024
TN/2/Layout/3688/2024,2024
TN/2/Layout/3702/2024,2024
TN/11/Layout/3970/2024,2024
TN/11/Layout/2641/2024,2024
TN/11/Layout/0314/2024,2024
TN/11/Layout/2508/2024,2024
TN/11/Layout/2038/2024,2024
TN/11/Layout/3659/2024,2024
TN/1/Layout/3639/2024,2024
TN/11/Layout/0639/2024,2024
TN/35/Layout/3076/2024,2024
TN/11/Layout/1305/2024,2024
TN/35/Layout/3384/2024,2024
TN/35/Layout/3363/2024,2024
TN/35/Layout/1005/2024,2024
TN/35/Layout/3211/2024,2024
TN/35/Layout/0370/2024,2024
TN/35/Layout/1420/2024,2024
TN/35/Layout/0306/2024,2024
TN/01/Layout/0188/2024,2024
TN/20/Layout/3171/2024,2024
TN/2/Layout/2459/2024,2024
TN/20/Layout/3588/2024,2024
TN/2/Layout/3632/2024,2024
TN/02/Layout/0158/2024,2024
TN/02/Layout/0405/2024,2024
TN/02/Layout/0547/2024,2024
TN/02/Layout/0635/2024,2024
TN/1/Layout/2637/2024,2024
TN/1/Layout/2031/2024,2024
TN/2/Layout/2456/2024,2024
TN/02/Layout/0158/2024,2024
TN/2/Layout/1360/2024,2024
TN/35/Layout/1763/2024,2024
TN/35/Layout/1471/2024,2024
TN/35/Layout/3513/2024,2024
TN/35/Layout/2338/2024,2024
TN/35/Layout/2549/2024,2024
TN/35/Layout/2645/2024,2024
TN/35/Layout/1957/2024,2024
TN/01/Layout/0188/2024,2024
TN/29/Layout/0243/2024,2024
TN/29/Layout/3715/2024,2024
TN/29/Layout/2159/2024,2024
TN/29/Layout/2755/2024,2024
TN/29/Layout/3204/2024,2024
TN/36/Layout/3669/2024,2024
